name,rows,columns,elements,shared_with
transformer.wte.weight,50257,768,38597376,
transformer.wpe.weight,1024,768,786432,
transformer.h.0.attn.c_attn.weight,2304,768,1769472,
transformer.h.0.attn.c_proj.weight,768,768,589824,
transformer.h.0.mlp.c_fc.weight,3072,768,2359296,
transformer.h.0.mlp.c_proj.weight,768,3072,2359296,
transformer.h.1.attn.c_attn.weight,2304,768,1769472,
transformer.h.1.attn.c_proj.weight,768,768,589824,
transformer.h.1.mlp.c_fc.weight,3072,768,2359296,
transformer.h.1.mlp.c_proj.weight,768,3072,2359296,
transformer.h.2.attn.c_attn.weight,2304,768,1769472,
transformer.h.2.attn.c_proj.weight,768,768,589824,
transformer.h.2.mlp.c_fc.weight,3072,768,2359296,
transformer.h.2.mlp.c_proj.weight,768,3072,2359296,
transformer.h.3.attn.c_attn.weight,2304,768,1769472,
transformer.h.3.attn.c_proj.weight,768,768,589824,
transformer.h.3.mlp.c_fc.weight,3072,768,2359296,
transformer.h.3.mlp.c_proj.weight,768,3072,2359296,
transformer.h.4.attn.c_attn.weight,2304,768,1769472,
transformer.h.4.attn.c_proj.weight,768,768,589824,
transformer.h.4.mlp.c_fc.weight,3072,768,2359296,
transformer.h.4.mlp.c_proj.weight,768,3072,2359296,
transformer.h.5.attn.c_attn.weight,2304,768,1769472,
transformer.h.5.attn.c_proj.weight,768,768,589824,
transformer.h.5.mlp.c_fc.weight,3072,768,2359296,
transformer.h.5.mlp.c_proj.weight,768,3072,2359296,
transformer.h.6.attn.c_attn.weight,2304,768,1769472,
transformer.h.6.attn.c_proj.weight,768,768,589824,
transformer.h.6.mlp.c_fc.weight,3072,768,2359296,
transformer.h.6.mlp.c_proj.weight,768,3072,2359296,
transformer.h.7.attn.c_attn.weight,2304,768,1769472,
transformer.h.7.attn.c_proj.weight,768,768,589824,
transformer.h.7.mlp.c_fc.weight,3072,768,2359296,
transformer.h.7.mlp.c_proj.weight,768,3072,2359296,
transformer.h.8.attn.c_attn.weight,2304,768,1769472,
transformer.h.8.attn.c_proj.weight,768,768,589824,
transformer.h.8.mlp.c_fc.weight,3072,768,2359296,
transformer.h.8.mlp.c_proj.weight,768,3072,2359296,
transformer.h.9.attn.c_attn.weight,2304,768,1769472,
transformer.h.9.attn.c_proj.weight,768,768,589824,
transformer.h.9.mlp.c_fc.weight,3072,768,2359296,
transformer.h.9.mlp.c_proj.weight,768,3072,2359296,
transformer.h.10.attn.c_attn.weight,2304,768,1769472,
transformer.h.10.attn.c_proj.weight,768,768,589824,
transformer.h.10.mlp.c_fc.weight,3072,768,2359296,
transformer.h.10.mlp.c_proj.weight,768,3072,2359296,
transformer.h.11.attn.c_attn.weight,2304,768,1769472,
transformer.h.11.attn.c_proj.weight,768,768,589824,
transformer.h.11.mlp.c_fc.weight,3072,768,2359296,
transformer.h.11.mlp.c_proj.weight,768,3072,2359296,
lm_head.weight,50257,768,38597376,transformer.wte.weight
