run,optimizer,optimizer_label,epoch,metric,n,mean,std,sem,confidence,critical_value,ci_half_width,ci_low,ci_high,minimum,maximum
AdamW,adamw,AdamW,1,max_gradient_norm_before_clip,3,10.40854,0.854515,0.4933545,0.95,4.302653,2.122733,8.28581,12.53128,9.742595,11.37206
AdamW,adamw,AdamW,2,max_gradient_norm_before_clip,3,2.721264,0.1762444,0.1017547,0.95,4.302653,0.4378153,2.283449,3.15908,2.51777,2.825181
AdamW,adamw,AdamW,3,max_gradient_norm_before_clip,3,1.909562,0.07556709,0.04362868,0.95,4.302653,0.1877191,1.721843,2.097281,1.823723,1.966051
AdamW,adamw,AdamW,4,max_gradient_norm_before_clip,3,1.824204,0.1727347,0.09972843,0.95,4.302653,0.4290968,1.395107,2.253301,1.658244,2.002998
AdamW,adamw,AdamW,5,max_gradient_norm_before_clip,3,1.552762,0.1874686,0.108235,0.95,4.302653,0.4656977,1.087064,2.01846,1.413056,1.765815
AdamW,adamw,AdamW,6,max_gradient_norm_before_clip,3,1.486126,0.0611173,0.03528609,0.95,4.302653,0.1518238,1.334303,1.63795,1.418679,1.537834
AdamW,adamw,AdamW,7,max_gradient_norm_before_clip,3,1.447814,0.1913631,0.1104835,0.95,4.302653,0.4753722,0.9724416,1.923186,1.29295,1.661747
AdamW,adamw,AdamW,8,max_gradient_norm_before_clip,3,1.316933,0.159967,0.09235701,0.95,4.302653,0.3973801,0.9195533,1.714314,1.174772,1.490152
AdamW,adamw,AdamW,9,max_gradient_norm_before_clip,3,1.22789,0.1373813,0.07931713,0.95,4.302653,0.3412741,0.8866161,1.569164,1.088106,1.362735
AdamW,adamw,AdamW,10,max_gradient_norm_before_clip,3,1.400156,0.2463125,0.1422086,0.95,4.302653,0.6118741,0.788282,2.01203,1.134101,1.620252
AdamW,adamw,AdamW,11,max_gradient_norm_before_clip,3,1.292452,0.1373515,0.0792999,0.95,4.302653,0.3411999,0.9512518,1.633652,1.161118,1.435118
AdamW,adamw,AdamW,12,max_gradient_norm_before_clip,3,0.9272975,0.1795267,0.1036498,0.95,4.302653,0.445969,0.4813285,1.373266,0.7311084,1.083377
AdamW,adamw,AdamW,13,max_gradient_norm_before_clip,3,1.131769,0.2014463,0.1163051,0.95,4.302653,0.5004203,0.6313486,1.632189,0.9497979,1.348236
AdamW,adamw,AdamW,14,max_gradient_norm_before_clip,3,1.318273,0.2583691,0.1491695,0.95,4.302653,0.6418245,0.6764481,1.960097,1.140297,1.61462
AdamW,adamw,AdamW,15,max_gradient_norm_before_clip,3,0.9475796,0.2973352,0.1716666,0.95,4.302653,0.7386216,0.208958,1.686201,0.6138843,1.184383
AdamW,adamw,AdamW,16,max_gradient_norm_before_clip,3,0.754578,0.4852825,0.280178,0.95,4.302653,1.205509,-0.4509307,1.960087,0.2278403,1.183506
AdamW,adamw,AdamW,17,max_gradient_norm_before_clip,3,0.3800015,0.4891778,0.2824269,0.95,4.302653,1.215185,-0.8351834,1.595186,0.05493006,0.9425889
AdamW,adamw,AdamW,18,max_gradient_norm_before_clip,3,0.06644058,0.05586164,0.03225173,0.95,4.302653,0.138768,-0.07232743,0.2052086,0.03295602,0.1309281
AdamW,adamw,AdamW,19,max_gradient_norm_before_clip,3,0.02100996,0.003544966,0.002046687,0.95,4.302653,0.008806185,0.01220377,0.02981614,0.01710958,0.02403582
AdamW,adamw,AdamW,20,max_gradient_norm_before_clip,3,0.03189647,0.01387666,0.008011692,0.95,4.302653,0.03447153,-0.002575062,0.066368,0.01788535,0.04563464
AdamW,adamw,AdamW,21,max_gradient_norm_before_clip,3,0.02084704,0.005003488,0.002888765,0.95,4.302653,0.01242935,0.008417684,0.03327639,0.01639015,0.02625935
AdamW,adamw,AdamW,22,max_gradient_norm_before_clip,3,0.01774153,0.007883655,0.00455163,0.95,4.302653,0.01958409,-0.001842556,0.03732561,0.0118006,0.02668535
AdamW,adamw,AdamW,23,max_gradient_norm_before_clip,3,0.01705466,0.004627146,0.002671484,0.95,4.302653,0.01149447,0.005560196,0.02854913,0.0125516,0.02179664
AdamW,adamw,AdamW,24,max_gradient_norm_before_clip,3,0.0173607,0.001129428,0.0006520757,0.95,4.302653,0.002805655,0.01455504,0.02016635,0.0164533,0.01862562
AdamW,adamw,AdamW,25,max_gradient_norm_before_clip,3,0.01308714,0.001778171,0.001026627,0.95,4.302653,0.004417221,0.008669922,0.01750436,0.0111461,0.01463746
AdamW,adamw,AdamW,26,max_gradient_norm_before_clip,3,0.01331861,0.003286649,0.001897547,0.95,4.302653,0.008164488,0.005154117,0.02148309,0.009542538,0.01553534
AdamW,adamw,AdamW,27,max_gradient_norm_before_clip,3,0.01010496,0.001658291,0.0009574146,0.95,4.302653,0.004119422,0.00598554,0.01422439,0.008579685,0.01187014
AdamW,adamw,AdamW,28,max_gradient_norm_before_clip,3,0.01157172,0.001646875,0.0009508238,0.95,4.302653,0.004091065,0.007480655,0.01566278,0.01050414,0.01346837
AdamW,adamw,AdamW,29,max_gradient_norm_before_clip,3,0.01042399,0.002384318,0.001376587,0.95,4.302653,0.005922975,0.004501016,0.01634697,0.007984537,0.01274906
AdamW,adamw,AdamW,30,max_gradient_norm_before_clip,3,0.01001458,0.00162056,0.0009356308,0.95,4.302653,0.004025695,0.005988882,0.01404027,0.008169408,0.01120685
AdamW,adamw,AdamW,1,mean_gradient_norm_before_clip,3,2.675843,0.04480886,0.02587041,0.95,4.302653,0.1113114,2.564532,2.787155,2.630341,2.719925
AdamW,adamw,AdamW,2,mean_gradient_norm_before_clip,3,1.373933,0.04038179,0.02331444,0.95,4.302653,0.1003139,1.273619,1.474247,1.344888,1.420046
AdamW,adamw,AdamW,3,mean_gradient_norm_before_clip,3,0.9934853,0.01836125,0.01060087,0.95,4.302653,0.04561188,0.9478735,1.039097,0.9723059,1.004917
AdamW,adamw,AdamW,4,mean_gradient_norm_before_clip,3,0.7530673,0.001867902,0.001078434,0.95,4.302653,0.004640126,0.7484271,0.7577074,0.7511185,0.7548421
AdamW,adamw,AdamW,5,mean_gradient_norm_before_clip,3,0.5999562,0.00708197,0.004088777,0.95,4.302653,0.01759259,0.5823636,0.6175487,0.5918859,0.6051348
AdamW,adamw,AdamW,6,mean_gradient_norm_before_clip,3,0.4964783,0.002438219,0.001407706,0.95,4.302653,0.006056871,0.4904214,0.5025352,0.4938129,0.4985963
AdamW,adamw,AdamW,7,mean_gradient_norm_before_clip,3,0.4161967,0.006122065,0.003534576,0.95,4.302653,0.01520805,0.4009887,0.4314048,0.4091475,0.4201812
AdamW,adamw,AdamW,8,mean_gradient_norm_before_clip,3,0.3601318,0.04128187,0.0238341,0.95,4.302653,0.1025498,0.257582,0.4626817,0.3207925,0.4031147
AdamW,adamw,AdamW,9,mean_gradient_norm_before_clip,3,0.3370324,0.01191399,0.006878545,0.95,4.302653,0.02959599,0.3074364,0.3666284,0.3283122,0.3506072
AdamW,adamw,AdamW,10,mean_gradient_norm_before_clip,3,0.3378516,0.02102233,0.01213725,0.95,4.302653,0.05222236,0.2856292,0.390074,0.3212237,0.3614813
AdamW,adamw,AdamW,11,mean_gradient_norm_before_clip,3,0.2562052,0.0160534,0.009268436,0.95,4.302653,0.03987886,0.2163264,0.2960841,0.2405804,0.2726553
AdamW,adamw,AdamW,12,mean_gradient_norm_before_clip,3,0.1573942,0.05668413,0.0327266,0.95,4.302653,0.1408112,0.01658305,0.2982054,0.09797856,0.2108807
AdamW,adamw,AdamW,13,mean_gradient_norm_before_clip,3,0.1459886,0.04930172,0.02846436,0.95,4.302653,0.1224723,0.0235163,0.2684608,0.090987,0.1862086
AdamW,adamw,AdamW,14,mean_gradient_norm_before_clip,3,0.1950525,0.09153424,0.05284732,0.95,4.302653,0.2273837,-0.03233114,0.4224362,0.1018899,0.2848665
AdamW,adamw,AdamW,15,mean_gradient_norm_before_clip,3,0.09804202,0.07186819,0.04149312,0.95,4.302653,0.1785305,-0.08048845,0.2765725,0.02315415,0.1664519
AdamW,adamw,AdamW,16,mean_gradient_norm_before_clip,3,0.05723242,0.05546143,0.03202067,0.95,4.302653,0.1377738,-0.0805414,0.1950063,0.00964336,0.1181407
AdamW,adamw,AdamW,17,mean_gradient_norm_before_clip,3,0.01864506,0.02022744,0.01167832,0.95,4.302653,0.05024775,-0.03160269,0.06889282,0.005739764,0.04195711
AdamW,adamw,AdamW,18,mean_gradient_norm_before_clip,3,0.006889825,0.003058988,0.001766108,0.95,4.302653,0.007598947,-0.0007091219,0.01448877,0.004788538,0.0103993
AdamW,adamw,AdamW,19,mean_gradient_norm_before_clip,3,0.004725761,0.0008694049,0.0005019512,0.95,4.302653,0.002159721,0.002566039,0.006885482,0.004139575,0.005724654
AdamW,adamw,AdamW,20,mean_gradient_norm_before_clip,3,0.00408528,0.0004941553,0.0002853007,0.95,4.302653,0.00122755,0.00285773,0.00531283,0.003791889,0.004655804
AdamW,adamw,AdamW,21,mean_gradient_norm_before_clip,3,0.003649997,0.0003593122,0.000207449,0.95,4.302653,0.0008925811,0.002757416,0.004542578,0.003425002,0.004064385
AdamW,adamw,AdamW,22,mean_gradient_norm_before_clip,3,0.003320344,0.0003185312,0.0001839041,0.95,4.302653,0.0007912754,0.002529068,0.004111619,0.003129851,0.003688072
AdamW,adamw,AdamW,23,mean_gradient_norm_before_clip,3,0.003028569,0.0002541783,0.0001467499,0.95,4.302653,0.0006314138,0.002397155,0.003659983,0.002841475,0.003317956
AdamW,adamw,AdamW,24,mean_gradient_norm_before_clip,3,0.002807695,0.0002104677,0.0001215136,0.95,4.302653,0.0005228308,0.002284864,0.003330526,0.002684629,0.003050715
AdamW,adamw,AdamW,25,mean_gradient_norm_before_clip,3,0.002605263,0.0001696892,9.797012e-05,0.95,4.302653,0.0004215314,0.002183732,0.003026795,0.002492899,0.002800461
AdamW,adamw,AdamW,26,mean_gradient_norm_before_clip,3,0.002464678,0.0001583543,9.142592e-05,0.95,4.302653,0.000393374,0.002071304,0.002858052,0.002346319,0.002644561
AdamW,adamw,AdamW,27,mean_gradient_norm_before_clip,3,0.002322877,0.0001801831,0.0001040287,0.95,4.302653,0.0004475995,0.001875278,0.002770477,0.002169714,0.002521409
AdamW,adamw,AdamW,28,mean_gradient_norm_before_clip,3,0.002226977,0.0001613674,9.316551e-05,0.95,4.302653,0.0004008588,0.001826119,0.002627836,0.00210627,0.002410261
AdamW,adamw,AdamW,29,mean_gradient_norm_before_clip,3,0.002185689,0.0001682686,9.714992e-05,0.95,4.302653,0.0004180024,0.001767686,0.002603691,0.002057392,0.002376207
AdamW,adamw,AdamW,30,mean_gradient_norm_before_clip,3,0.002136038,0.0001517613,8.761943e-05,0.95,4.302653,0.000376996,0.001759043,0.002513034,0.002015467,0.002306453
AdamW,adamw,AdamW,0,parameter_l2_norm,3,45.47855,0.04612266,0.02662893,0.95,4.302653,0.114575,45.36398,45.59313,45.42788,45.51808
AdamW,adamw,AdamW,1,parameter_l2_norm,3,45.58506,0.04931661,0.02847296,0.95,4.302653,0.1225092,45.46255,45.70757,45.53243,45.63021
AdamW,adamw,AdamW,2,parameter_l2_norm,3,45.89575,0.05988172,0.03457273,0.95,4.302653,0.1487544,45.74699,46.0445,45.83451,45.95418
AdamW,adamw,AdamW,3,parameter_l2_norm,3,46.32322,0.06950044,0.0401261,0.95,4.302653,0.1726487,46.15057,46.49587,46.26583,46.4005
AdamW,adamw,AdamW,4,parameter_l2_norm,3,46.63754,0.079944,0.04615569,0.95,4.302653,0.1985919,46.43895,46.83613,46.5869,46.7297
AdamW,adamw,AdamW,5,parameter_l2_norm,3,46.88291,0.09407755,0.0543157,0.95,4.302653,0.2337016,46.64921,47.11662,46.82012,46.99108
AdamW,adamw,AdamW,6,parameter_l2_norm,3,47.07416,0.09585491,0.05534186,0.95,4.302653,0.2381168,46.83604,47.31227,47.01723,47.18482
AdamW,adamw,AdamW,7,parameter_l2_norm,3,47.2139,0.1086806,0.06274675,0.95,4.302653,0.2699775,46.94392,47.48388,47.14854,47.33936
AdamW,adamw,AdamW,8,parameter_l2_norm,3,47.33154,0.07597199,0.04386245,0.95,4.302653,0.1887249,47.14281,47.52026,47.26554,47.41458
AdamW,adamw,AdamW,9,parameter_l2_norm,3,47.45965,0.07708223,0.04450344,0.95,4.302653,0.1914829,47.26816,47.65113,47.38559,47.53944
AdamW,adamw,AdamW,10,parameter_l2_norm,3,47.61805,0.09092268,0.05249423,0.95,4.302653,0.2258645,47.39218,47.84391,47.56337,47.72301
AdamW,adamw,AdamW,11,parameter_l2_norm,3,47.67643,0.09065846,0.05234169,0.95,4.302653,0.2252081,47.45122,47.90164,47.60049,47.7768
AdamW,adamw,AdamW,12,parameter_l2_norm,3,47.63682,0.1309221,0.07558794,0.95,4.302653,0.3252286,47.31159,47.96205,47.49103,47.74436
AdamW,adamw,AdamW,13,parameter_l2_norm,3,47.59929,0.1885695,0.1088706,0.95,4.302653,0.4684325,47.13086,48.06772,47.38476,47.73881
AdamW,adamw,AdamW,14,parameter_l2_norm,3,47.67334,0.1168373,0.06745602,0.95,4.302653,0.2902398,47.3831,47.96358,47.60393,47.80824
AdamW,adamw,AdamW,15,parameter_l2_norm,3,47.62105,0.1504425,0.08685805,0.95,4.302653,0.37372,47.24733,47.99477,47.46151,47.76035
AdamW,adamw,AdamW,16,parameter_l2_norm,3,47.5288,0.179967,0.103904,0.95,4.302653,0.4470627,47.08174,47.97587,47.32206,47.65033
AdamW,adamw,AdamW,17,parameter_l2_norm,3,47.41166,0.1874094,0.1082009,0.95,4.302653,0.4655507,46.94611,47.87721,47.19531,47.52405
AdamW,adamw,AdamW,18,parameter_l2_norm,3,47.30064,0.1868288,0.1078657,0.95,4.302653,0.4641085,46.83654,47.76475,47.08495,47.41173
AdamW,adamw,AdamW,19,parameter_l2_norm,3,47.20491,0.1849224,0.106765,0.95,4.302653,0.4593726,46.74554,47.66428,46.99142,47.31535
AdamW,adamw,AdamW,20,parameter_l2_norm,3,47.12469,0.1830589,0.1056891,0.95,4.302653,0.4547436,46.66995,47.57944,46.91338,47.23494
AdamW,adamw,AdamW,21,parameter_l2_norm,3,47.05928,0.1811624,0.1045942,0.95,4.302653,0.4500324,46.60925,47.50931,46.85019,47.16926
AdamW,adamw,AdamW,22,parameter_l2_norm,3,47.00745,0.1793999,0.1035766,0.95,4.302653,0.4456541,46.56179,47.4531,46.80042,47.11719
AdamW,adamw,AdamW,23,parameter_l2_norm,3,46.9679,0.1777703,0.1026357,0.95,4.302653,0.4416058,46.52629,47.4095,46.76278,47.07747
AdamW,adamw,AdamW,24,parameter_l2_norm,3,46.9391,0.1763854,0.1018362,0.95,4.302653,0.4381657,46.50093,47.37726,46.73562,47.04852
AdamW,adamw,AdamW,25,parameter_l2_norm,3,46.91939,0.1752138,0.1011597,0.95,4.302653,0.4352551,46.48414,47.35465,46.7173,47.0288
AdamW,adamw,AdamW,26,parameter_l2_norm,3,46.90698,0.1742462,0.1006011,0.95,4.302653,0.4328516,46.47412,47.33983,46.70603,47.01632
AdamW,adamw,AdamW,27,parameter_l2_norm,3,46.89998,0.1735947,0.1002249,0.95,4.302653,0.4312331,46.46874,47.33121,46.69981,47.00932
AdamW,adamw,AdamW,28,parameter_l2_norm,3,46.89678,0.1731523,0.0999695,0.95,4.302653,0.430134,46.46664,47.32691,46.69714,47.0061
AdamW,adamw,AdamW,29,parameter_l2_norm,3,46.89561,0.1729332,0.09984303,0.95,4.302653,0.4295899,46.46602,47.3252,46.69623,47.00494
AdamW,adamw,AdamW,30,parameter_l2_norm,3,46.89456,0.1728423,0.09979055,0.95,4.302653,0.4293641,46.4652,47.32392,46.69529,47.00389
AdamW,adamw,AdamW,0,primary_lr,3,5.813953e-07,0.0,0.0,0.95,4.302653,0.0,5.813953e-07,5.813953e-07,5.813953e-07,5.813953e-07
AdamW,adamw,AdamW,1,primary_lr,3,0.00025,0.0,0.0,0.95,4.302653,0.0,0.00025,0.00025,0.00025,0.00025
AdamW,adamw,AdamW,2,primary_lr,3,0.0005,0.0,0.0,0.95,4.302653,0.0,0.0005,0.0005,0.0005,0.0005
AdamW,adamw,AdamW,3,primary_lr,3,0.0004984382,0.0,0.0,0.95,4.302653,0.0,0.0004984382,0.0004984382,0.0004984382,0.0004984382
AdamW,adamw,AdamW,4,primary_lr,3,0.000493758,0.0,0.0,0.95,4.302653,0.0,0.000493758,0.000493758,0.000493758,0.000493758
AdamW,adamw,AdamW,5,primary_lr,3,0.0004860181,0.0,0.0,0.95,4.302653,0.0,0.0004860181,0.0004860181,0.0004860181,0.0004860181
AdamW,adamw,AdamW,6,primary_lr,3,0.0004753159,0.0,0.0,0.95,4.302653,0.0,0.0004753159,0.0004753159,0.0004753159,0.0004753159
AdamW,adamw,AdamW,7,primary_lr,3,0.0004617861,0.0,0.0,0.95,4.302653,0.0,0.0004617861,0.0004617861,0.0004617861,0.0004617861
AdamW,adamw,AdamW,8,primary_lr,3,0.0004455988,6.639355e-20,3.833234e-20,0.95,4.302653,1.6493069999999998e-19,0.0004455988,0.0004455988,0.0004455988,0.0004455988
AdamW,adamw,AdamW,9,primary_lr,3,0.0004269577,0.0,0.0,0.95,4.302653,0.0,0.0004269577,0.0004269577,0.0004269577,0.0004269577
AdamW,adamw,AdamW,10,primary_lr,3,0.0004060971,0.0,0.0,0.95,4.302653,0.0,0.0004060971,0.0004060971,0.0004060971,0.0004060971
AdamW,adamw,AdamW,11,primary_lr,3,0.0003832794,6.639355e-20,3.833234e-20,0.95,4.302653,1.6493069999999998e-19,0.0003832794,0.0003832794,0.0003832794,0.0003832794
AdamW,adamw,AdamW,12,primary_lr,3,0.0003587917,0.0,0.0,0.95,4.302653,0.0,0.0003587917,0.0003587917,0.0003587917,0.0003587917
AdamW,adamw,AdamW,13,primary_lr,3,0.0003329419,0.0,0.0,0.95,4.302653,0.0,0.0003329419,0.0003329419,0.0003329419,0.0003329419
AdamW,adamw,AdamW,14,primary_lr,3,0.0003060552,0.0,0.0,0.95,4.302653,0.0,0.0003060552,0.0003060552,0.0003060552,0.0003060552
AdamW,adamw,AdamW,15,primary_lr,3,0.0002784698,0.0,0.0,0.95,4.302653,0.0,0.0002784698,0.0002784698,0.0002784698,0.0002784698
AdamW,adamw,AdamW,16,primary_lr,3,0.0002505326,0.0,0.0,0.95,4.302653,0.0,0.0002505326,0.0002505326,0.0002505326,0.0002505326
AdamW,adamw,AdamW,17,primary_lr,3,0.0002225949,0.0,0.0,0.95,4.302653,0.0,0.0002225949,0.0002225949,0.0002225949,0.0002225949
AdamW,adamw,AdamW,18,primary_lr,3,0.0001950082,0.0,0.0,0.95,4.302653,0.0,0.0001950082,0.0001950082,0.0001950082,0.0001950082
AdamW,adamw,AdamW,19,primary_lr,3,0.0001681195,0.0,0.0,0.95,4.302653,0.0,0.0001681195,0.0001681195,0.0001681195,0.0001681195
AdamW,adamw,AdamW,20,primary_lr,3,0.000142267,0.0,0.0,0.95,4.302653,0.0,0.000142267,0.000142267,0.000142267,0.000142267
AdamW,adamw,AdamW,21,primary_lr,3,0.0001177757,0.0,0.0,0.95,4.302653,0.0,0.0001177757,0.0001177757,0.0001177757,0.0001177757
AdamW,adamw,AdamW,22,primary_lr,3,9.495384e-05,0.0,0.0,0.95,4.302653,0.0,9.495384e-05,9.495384e-05,9.495384e-05,9.495384e-05
AdamW,adamw,AdamW,23,primary_lr,3,7.408837e-05,0.0,0.0,0.95,4.302653,0.0,7.408837e-05,7.408837e-05,7.408837e-05,7.408837e-05
AdamW,adamw,AdamW,24,primary_lr,3,5.544174e-05,0.0,0.0,0.95,4.302653,0.0,5.544174e-05,5.544174e-05,5.544174e-05,5.544174e-05
AdamW,adamw,AdamW,25,primary_lr,3,3.92485e-05,0.0,0.0,0.95,4.302653,0.0,3.92485e-05,3.92485e-05,3.92485e-05,3.92485e-05
AdamW,adamw,AdamW,26,primary_lr,3,2.57123e-05,0.0,0.0,0.95,4.302653,0.0,2.57123e-05,2.57123e-05,2.57123e-05,2.57123e-05
AdamW,adamw,AdamW,27,primary_lr,3,1.500341e-05,0.0,0.0,0.95,4.302653,0.0,1.500341e-05,1.500341e-05,1.500341e-05,1.500341e-05
AdamW,adamw,AdamW,28,primary_lr,3,7.256521e-06,1.037399e-21,5.989427e-22,0.95,4.302653,2.577043e-21,7.256521e-06,7.256521e-06,7.256521e-06,7.256521e-06
AdamW,adamw,AdamW,29,primary_lr,3,2.569064e-06,0.0,0.0,0.95,4.302653,0.0,2.569064e-06,2.569064e-06,2.569064e-06,2.569064e-06
AdamW,adamw,AdamW,30,primary_lr,3,1e-06,0.0,0.0,0.95,4.302653,0.0,1e-06,1e-06,1e-06,1e-06
AdamW,adamw,AdamW,0,test_accuracy,3,0.1074333,0.01880062,0.01085454,0.95,4.302653,0.04670333,0.06073,0.1541367,0.087,0.124
AdamW,adamw,AdamW,1,test_accuracy,3,0.9443,0.0005567764,0.000321455,0.95,4.302653,0.001383109,0.9429169,0.9456831,0.9437,0.9448
AdamW,adamw,AdamW,2,test_accuracy,3,0.9654,0.002330236,0.001345362,0.95,4.302653,0.005788627,0.9596114,0.9711886,0.9635,0.968
AdamW,adamw,AdamW,3,test_accuracy,3,0.9724667,0.004572016,0.002639655,0.95,4.302653,0.01135752,0.9611091,0.9838242,0.9675,0.9765
AdamW,adamw,AdamW,4,test_accuracy,3,0.9753,0.002291288,0.001322876,0.95,4.302653,0.005691875,0.9696081,0.9809919,0.9728,0.9773
AdamW,adamw,AdamW,5,test_accuracy,3,0.9755667,0.001258306,0.0007264832,0.95,4.302653,0.003125805,0.9724409,0.9786925,0.9744,0.9769
AdamW,adamw,AdamW,6,test_accuracy,3,0.9750667,0.002350177,0.001356875,0.95,4.302653,0.005838164,0.9692285,0.9809048,0.9727,0.9774
AdamW,adamw,AdamW,7,test_accuracy,3,0.9775,0.0014,0.0008082904,0.95,4.302653,0.003477793,0.9740222,0.9809778,0.9759,0.9785
AdamW,adamw,AdamW,8,test_accuracy,3,0.9770667,0.00310215,0.001791027,0.95,4.302653,0.007706167,0.9693605,0.9847728,0.9739,0.9801
AdamW,adamw,AdamW,9,test_accuracy,3,0.9778333,0.001965536,0.001134803,0.95,4.302653,0.004882663,0.9729507,0.982716,0.9766,0.9801
AdamW,adamw,AdamW,10,test_accuracy,3,0.9780667,0.0004041452,0.0002333333,0.95,4.302653,0.001003952,0.9770627,0.9790706,0.9776,0.9783
AdamW,adamw,AdamW,11,test_accuracy,3,0.9799,0.002051828,0.001184624,0.95,4.302653,0.005097024,0.974803,0.984997,0.9778,0.9819
AdamW,adamw,AdamW,12,test_accuracy,3,0.9815667,0.001001665,0.0005783117,0.95,4.302653,0.002488274,0.9790784,0.9840549,0.9806,0.9826
AdamW,adamw,AdamW,13,test_accuracy,3,0.9798333,0.002409011,0.001390843,0.95,4.302653,0.005984315,0.973849,0.9858176,0.9782,0.9826
AdamW,adamw,AdamW,14,test_accuracy,3,0.9791667,0.003023795,0.001745789,0.95,4.302653,0.007511522,0.9716551,0.9866782,0.9769,0.9826
AdamW,adamw,AdamW,15,test_accuracy,3,0.9828667,0.001137248,0.0006565905,0.95,4.302653,0.002825081,0.9800416,0.9856917,0.9816,0.9838
AdamW,adamw,AdamW,16,test_accuracy,3,0.9836667,0.0009291573,0.0005364492,0.95,4.302653,0.002308155,0.9813585,0.9859748,0.9826,0.9843
AdamW,adamw,AdamW,17,test_accuracy,3,0.9833333,0.0008504901,0.0004910307,0.95,4.302653,0.002112734,0.9812206,0.9854461,0.9827,0.9843
AdamW,adamw,AdamW,18,test_accuracy,3,0.9841,0.0002645751,0.0001527525,0.95,4.302653,0.0006572411,0.9834428,0.9847572,0.9838,0.9843
AdamW,adamw,AdamW,19,test_accuracy,3,0.9839333,0.0004041452,0.0002333333,0.95,4.302653,0.001003952,0.9829294,0.9849373,0.9835,0.9843
AdamW,adamw,AdamW,20,test_accuracy,3,0.9841,0.0003464102,0.0002,0.95,4.302653,0.0008605305,0.9832395,0.9849605,0.9839,0.9845
AdamW,adamw,AdamW,21,test_accuracy,3,0.984,0.0004582576,0.0002645751,0.95,4.302653,0.001138375,0.9828616,0.9851384,0.9836,0.9845
AdamW,adamw,AdamW,22,test_accuracy,3,0.9842,0.0003605551,0.0002081666,0.95,4.302653,0.0008956686,0.9833043,0.9850957,0.9839,0.9846
AdamW,adamw,AdamW,23,test_accuracy,3,0.9842333,0.0006027714,0.0003480102,0.95,4.302653,0.001497367,0.982736,0.9857307,0.9836,0.9848
AdamW,adamw,AdamW,24,test_accuracy,3,0.9841,0.0005,0.0002886751,0.95,4.302653,0.001242069,0.9828579,0.9853421,0.9836,0.9846
AdamW,adamw,AdamW,25,test_accuracy,3,0.9841333,0.0006658328,0.0003844188,0.95,4.302653,0.00165402,0.9824793,0.9857874,0.9834,0.9847
AdamW,adamw,AdamW,26,test_accuracy,3,0.9842,0.0006557439,0.0003785939,0.95,4.302653,0.001628958,0.982571,0.985829,0.9835,0.9848
AdamW,adamw,AdamW,27,test_accuracy,3,0.9843333,0.0006027714,0.0003480102,0.95,4.302653,0.001497367,0.982836,0.9858307,0.9837,0.9849
AdamW,adamw,AdamW,28,test_accuracy,3,0.9842,0.0006244998,0.0003605551,0.95,4.302653,0.001551344,0.9826487,0.9857513,0.9835,0.9847
AdamW,adamw,AdamW,29,test_accuracy,3,0.9842,0.0006244998,0.0003605551,0.95,4.302653,0.001551344,0.9826487,0.9857513,0.9835,0.9847
AdamW,adamw,AdamW,30,test_accuracy,3,0.9841667,0.0006110101,0.0003527668,0.95,4.302653,0.001517833,0.9826488,0.9856845,0.9835,0.9847
AdamW,adamw,AdamW,0,test_accuracy_gap,3,-0.002069697,0.002093286,0.001208559,0.95,4.302653,0.00520001,-0.007269707,0.003130313,-0.004454545,-0.0005363636
AdamW,adamw,AdamW,1,test_accuracy_gap,3,0.003930303,0.002696896,0.001557054,0.95,4.302653,0.006699462,-0.002769159,0.01062977,0.001654545,0.006909091
AdamW,adamw,AdamW,2,test_accuracy_gap,3,0.0098,0.001277297,0.0007374478,0.95,4.302653,0.003172982,0.006627018,0.01297298,0.008527273,0.01108182
AdamW,adamw,AdamW,3,test_accuracy_gap,3,0.01174545,0.001223361,0.0007063077,0.95,4.302653,0.003038997,0.008706458,0.01478445,0.01054545,0.01299091
AdamW,adamw,AdamW,4,test_accuracy_gap,3,0.01462727,0.001391266,0.0008032475,0.95,4.302653,0.003456095,0.01117118,0.01808337,0.01325455,0.01603636
AdamW,adamw,AdamW,5,test_accuracy_gap,3,0.01733636,0.000244104,0.0001409335,0.95,4.302653,0.000606388,0.01672998,0.01794275,0.01705455,0.01748182
AdamW,adamw,AdamW,6,test_accuracy_gap,3,0.01912121,0.001348655,0.0007786464,0.95,4.302653,0.003350245,0.01577097,0.02247146,0.01759091,0.02013636
AdamW,adamw,AdamW,7,test_accuracy_gap,3,0.01864545,0.0007891831,0.0004556351,0.95,4.302653,0.001960439,0.01668502,0.02060589,0.01773636,0.01915455
AdamW,adamw,AdamW,8,test_accuracy_gap,3,0.01843636,0.0008882614,0.0005128379,0.95,4.302653,0.002206564,0.0162298,0.02064293,0.01742727,0.0191
AdamW,adamw,AdamW,9,test_accuracy_gap,3,0.01816061,0.0003805535,0.0002197126,0.95,4.302653,0.0009453472,0.01721526,0.01910595,0.01775455,0.01850909
AdamW,adamw,AdamW,10,test_accuracy_gap,3,0.01938182,0.0005943953,0.0003431743,0.95,4.302653,0.00147656,0.01790526,0.02085838,0.0187,0.01979091
AdamW,adamw,AdamW,11,test_accuracy_gap,3,0.01868788,0.001074126,0.0006201469,0.95,4.302653,0.002668277,0.0160196,0.02135616,0.01755455,0.01969091
AdamW,adamw,AdamW,12,test_accuracy_gap,3,0.01762121,0.0007200972,0.0004157483,0.95,4.302653,0.001788821,0.01583239,0.01941003,0.01687273,0.01830909
AdamW,adamw,AdamW,13,test_accuracy_gap,3,0.01851818,0.001613656,0.0009316445,0.95,4.302653,0.004008543,0.01450964,0.02252672,0.01667273,0.01966364
AdamW,adamw,AdamW,14,test_accuracy_gap,3,0.01943333,0.001824361,0.001053295,0.95,4.302653,0.004531963,0.01490137,0.0239653,0.01732727,0.02052727
AdamW,adamw,AdamW,15,test_accuracy_gap,3,0.01697576,0.001019696,0.0005887217,0.95,4.302653,0.002533065,0.01444269,0.01950882,0.01609091,0.01809091
AdamW,adamw,AdamW,16,test_accuracy_gap,3,0.01629697,0.0009676731,0.0005586863,0.95,4.302653,0.002403833,0.01389314,0.0187008,0.01559091,0.0174
AdamW,adamw,AdamW,17,test_accuracy_gap,3,0.01666667,0.0008504901,0.0004910307,0.95,4.302653,0.002112734,0.01455393,0.0187794,0.0157,0.0173
AdamW,adamw,AdamW,18,test_accuracy_gap,3,0.0159,0.0002645751,0.0001527525,0.95,4.302653,0.0006572411,0.01524276,0.01655724,0.0157,0.0162
AdamW,adamw,AdamW,19,test_accuracy_gap,3,0.01606667,0.0004041452,0.0002333333,0.95,4.302653,0.001003952,0.01506271,0.01707062,0.0157,0.0165
AdamW,adamw,AdamW,20,test_accuracy_gap,3,0.0159,0.0003464102,0.0002,0.95,4.302653,0.0008605305,0.01503947,0.01676053,0.0155,0.0161
AdamW,adamw,AdamW,21,test_accuracy_gap,3,0.016,0.0004582576,0.0002645751,0.95,4.302653,0.001138375,0.01486163,0.01713837,0.0155,0.0164
AdamW,adamw,AdamW,22,test_accuracy_gap,3,0.0158,0.0003605551,0.0002081666,0.95,4.302653,0.0008956686,0.01490433,0.01669567,0.0154,0.0161
AdamW,adamw,AdamW,23,test_accuracy_gap,3,0.01576667,0.0006027714,0.0003480102,0.95,4.302653,0.001497367,0.0142693,0.01726403,0.0152,0.0164
AdamW,adamw,AdamW,24,test_accuracy_gap,3,0.0159,0.0005,0.0002886751,0.95,4.302653,0.001242069,0.01465793,0.01714207,0.0154,0.0164
AdamW,adamw,AdamW,25,test_accuracy_gap,3,0.01586667,0.0006658328,0.0003844188,0.95,4.302653,0.00165402,0.01421265,0.01752069,0.0153,0.0166
AdamW,adamw,AdamW,26,test_accuracy_gap,3,0.0158,0.0006557439,0.0003785939,0.95,4.302653,0.001628958,0.01417104,0.01742896,0.0152,0.0165
AdamW,adamw,AdamW,27,test_accuracy_gap,3,0.01566667,0.0006027714,0.0003480102,0.95,4.302653,0.001497367,0.0141693,0.01716403,0.0151,0.0163
AdamW,adamw,AdamW,28,test_accuracy_gap,3,0.0158,0.0006244998,0.0003605551,0.95,4.302653,0.001551344,0.01424866,0.01735134,0.0153,0.0165
AdamW,adamw,AdamW,29,test_accuracy_gap,3,0.0158,0.0006244998,0.0003605551,0.95,4.302653,0.001551344,0.01424866,0.01735134,0.0153,0.0165
AdamW,adamw,AdamW,30,test_accuracy_gap,3,0.01583333,0.0006110101,0.0003527668,0.95,4.302653,0.001517833,0.0143155,0.01735117,0.0153,0.0165
AdamW,adamw,AdamW,0,test_loss,3,3.18277,0.2497002,0.1441645,0.95,4.302653,0.6202898,2.56248,3.803059,2.89504,3.342725
AdamW,adamw,AdamW,1,test_loss,3,0.1814525,0.007361014,0.004249884,0.95,4.302653,0.01828577,0.1631668,0.1997383,0.1730058,0.1864968
AdamW,adamw,AdamW,2,test_loss,3,0.1128204,0.005185495,0.002993847,0.95,4.302653,0.01288148,0.09993895,0.1257019,0.1068769,0.1164207
AdamW,adamw,AdamW,3,test_loss,3,0.08794498,0.01033382,0.005966234,0.95,4.302653,0.02567063,0.06227434,0.1136156,0.07859054,0.09903771
AdamW,adamw,AdamW,4,test_loss,3,0.08252385,0.004281513,0.002471933,0.95,4.302653,0.01063587,0.07188798,0.09315972,0.07813316,0.08668712
AdamW,adamw,AdamW,5,test_loss,3,0.07906126,0.004408712,0.002545371,0.95,4.302653,0.01095185,0.06810942,0.09001311,0.0746616,0.08347897
AdamW,adamw,AdamW,6,test_loss,3,0.08466325,0.008819307,0.005091829,0.95,4.302653,0.02190837,0.06275488,0.1065716,0.07491856,0.09209702
AdamW,adamw,AdamW,7,test_loss,3,0.07925486,0.000642693,0.000371059,0.95,4.302653,0.001596538,0.07765832,0.08085139,0.07865405,0.07993252
AdamW,adamw,AdamW,8,test_loss,3,0.08424702,0.008839573,0.00510353,0.95,4.302653,0.02195872,0.0622883,0.1062057,0.0747798,0.0922847
AdamW,adamw,AdamW,9,test_loss,3,0.08329453,0.01114632,0.006435331,0.95,4.302653,0.027689,0.05560554,0.1109835,0.07043614,0.09021031
AdamW,adamw,AdamW,10,test_loss,3,0.08161132,0.007454453,0.00430383,0.95,4.302653,0.01851789,0.06309344,0.1001292,0.0757954,0.09001475
AdamW,adamw,AdamW,11,test_loss,3,0.07826727,0.003460669,0.001998018,0.95,4.302653,0.008596779,0.06967049,0.08686405,0.07574038,0.08221164
AdamW,adamw,AdamW,12,test_loss,3,0.07652669,0.005479657,0.003163681,0.95,4.302653,0.01361222,0.06291446,0.09013891,0.07134199,0.08226003
AdamW,adamw,AdamW,13,test_loss,3,0.08355505,0.008696287,0.005020804,0.95,4.302653,0.02160277,0.06195227,0.1051578,0.07498318,0.09237063
AdamW,adamw,AdamW,14,test_loss,3,0.08111703,0.01265184,0.007304546,0.95,4.302653,0.03142892,0.04968811,0.112546,0.06685036,0.09097355
AdamW,adamw,AdamW,15,test_loss,3,0.07176834,0.004133613,0.002386542,0.95,4.302653,0.01026846,0.06149988,0.0820368,0.06700618,0.07442892
AdamW,adamw,AdamW,16,test_loss,3,0.06961161,0.001817856,0.00104954,0.95,4.302653,0.004515805,0.0650958,0.07412741,0.06854818,0.07171062
AdamW,adamw,AdamW,17,test_loss,3,0.071038,0.001984706,0.001145871,0.95,4.302653,0.004930284,0.06610772,0.07596829,0.0690973,0.07306396
AdamW,adamw,AdamW,18,test_loss,3,0.07031369,0.002438681,0.001407973,0.95,4.302653,0.006058019,0.06425568,0.07637171,0.06800179,0.07286195
AdamW,adamw,AdamW,19,test_loss,3,0.07111246,0.002415366,0.001394512,0.95,4.302653,0.006000102,0.06511236,0.07711256,0.06898464,0.07373787
AdamW,adamw,AdamW,20,test_loss,3,0.07141031,0.002632162,0.001519679,0.95,4.302653,0.006538653,0.06487165,0.07794896,0.06948318,0.07440928
AdamW,adamw,AdamW,21,test_loss,3,0.07209173,0.002527426,0.00145921,0.95,4.302653,0.006278474,0.06581325,0.0783702,0.07013656,0.07494571
AdamW,adamw,AdamW,22,test_loss,3,0.07248686,0.002421344,0.001397964,0.95,4.302653,0.006014953,0.06647191,0.07850181,0.07071423,0.07524567
AdamW,adamw,AdamW,23,test_loss,3,0.07286876,0.002462573,0.001421767,0.95,4.302653,0.00611737,0.06675139,0.07898614,0.07114697,0.07568947
AdamW,adamw,AdamW,24,test_loss,3,0.07331336,0.002604767,0.001503863,0.95,4.302653,0.0064706,0.06684275,0.07978396,0.071529,0.0763024
AdamW,adamw,AdamW,25,test_loss,3,0.07359749,0.002571221,0.001484495,0.95,4.302653,0.006387268,0.06721022,0.07998476,0.07181322,0.07654473
AdamW,adamw,AdamW,26,test_loss,3,0.07390297,0.002531919,0.001461804,0.95,4.302653,0.006289635,0.06761334,0.08019261,0.07208982,0.07679575
AdamW,adamw,AdamW,27,test_loss,3,0.0740884,0.002517715,0.001453603,0.95,4.302653,0.006254351,0.06783405,0.08034275,0.07231987,0.07697094
AdamW,adamw,AdamW,28,test_loss,3,0.07423967,0.002526515,0.001458684,0.95,4.302653,0.006276211,0.06796346,0.08051589,0.07247258,0.07713352
AdamW,adamw,AdamW,29,test_loss,3,0.07429615,0.002525799,0.001458271,0.95,4.302653,0.006274432,0.06802172,0.08057058,0.07252011,0.07718765
AdamW,adamw,AdamW,30,test_loss,3,0.07432452,0.002520082,0.00145497,0.95,4.302653,0.006260232,0.06806429,0.08058475,0.07254965,0.077209
AdamW,adamw,AdamW,0,test_loss_gap,3,0.01123171,0.01443111,0.008331804,0.95,4.302653,0.03584886,-0.02461715,0.04708057,-0.001486025,0.02691535
AdamW,adamw,AdamW,1,test_loss_gap,3,0.009027562,0.003629357,0.00209541,0.95,4.302653,0.009015823,1.173865e-05,0.01804339,0.004855666,0.01145803
AdamW,adamw,AdamW,2,test_loss_gap,3,0.03041909,0.0006683115,0.0003858498,0.95,4.302653,0.001660178,0.02875891,0.03207927,0.02987402,0.03116471
AdamW,adamw,AdamW,3,test_loss_gap,3,0.03696633,0.002574236,0.001486236,0.95,4.302653,0.006394756,0.03057158,0.04336109,0.03459866,0.03970654
AdamW,adamw,AdamW,4,test_loss_gap,3,0.04904981,0.002844701,0.001642389,0.95,4.302653,0.007066628,0.04198319,0.05611644,0.04613191,0.05181518
AdamW,adamw,AdamW,5,test_loss_gap,3,0.05657633,0.001414159,0.0008164652,0.95,4.302653,0.003512966,0.05306336,0.06008929,0.05535702,0.05812663
AdamW,adamw,AdamW,6,test_loss_gap,3,0.06562198,0.003296105,0.001903007,0.95,4.302653,0.008187979,0.057434,0.07380996,0.06244454,0.06902514
AdamW,adamw,AdamW,7,test_loss_gap,3,0.06629543,0.002797161,0.001614941,0.95,4.302653,0.006948532,0.0593469,0.07324396,0.06334072,0.06890256
AdamW,adamw,AdamW,8,test_loss_gap,3,0.07016105,0.003899565,0.002251415,0.95,4.302653,0.009687058,0.060474,0.07984811,0.06565824,0.07242351
AdamW,adamw,AdamW,9,test_loss_gap,3,0.07107998,0.007618692,0.004398654,0.95,4.302653,0.01892588,0.0521541,0.09000586,0.06228269,0.07549732
AdamW,adamw,AdamW,10,test_loss_gap,3,0.07334314,0.006682844,0.003858342,0.95,4.302653,0.0166011,0.05674204,0.08994425,0.06937394,0.08105876
AdamW,adamw,AdamW,11,test_loss_gap,3,0.07347594,0.001054578,0.0006088609,0.95,4.302653,0.002619717,0.07085623,0.07609566,0.07250758,0.07459953
AdamW,adamw,AdamW,12,test_loss_gap,3,0.07362856,0.004760297,0.002748359,0.95,4.302653,0.01182523,0.06180333,0.0854538,0.06936375,0.07876413
AdamW,adamw,AdamW,13,test_loss_gap,3,0.07826851,0.006150985,0.003551273,0.95,4.302653,0.01527989,0.06298862,0.09354841,0.07233992,0.08462006
AdamW,adamw,AdamW,14,test_loss_gap,3,0.07611647,0.008639115,0.004987795,0.95,4.302653,0.02146075,0.05465572,0.09757722,0.06623255,0.08222691
AdamW,adamw,AdamW,15,test_loss_gap,3,0.07080459,0.003617639,0.002088645,0.95,4.302653,0.008986714,0.06181788,0.0797913,0.06672442,0.07362021
AdamW,adamw,AdamW,16,test_loss_gap,3,0.06921718,0.002030391,0.001172247,0.95,4.302653,0.00504377,0.06417341,0.07426095,0.06770142,0.07152404
AdamW,adamw,AdamW,17,test_loss_gap,3,0.07087426,0.001972058,0.001138568,0.95,4.302653,0.004898863,0.0659754,0.07577313,0.06899764,0.07292959
AdamW,adamw,AdamW,18,test_loss_gap,3,0.07021193,0.00245305,0.001416269,0.95,4.302653,0.006093713,0.06411821,0.07630564,0.06787676,0.07276793
AdamW,adamw,AdamW,19,test_loss_gap,3,0.07102711,0.002422194,0.001398454,0.95,4.302653,0.006017063,0.06501004,0.07704417,0.06888737,0.07365684
AdamW,adamw,AdamW,20,test_loss_gap,3,0.07133508,0.002635946,0.001521864,0.95,4.302653,0.006548052,0.06478702,0.07788313,0.06939911,0.07433708
AdamW,adamw,AdamW,21,test_loss_gap,3,0.0720241,0.002530105,0.001460757,0.95,4.302653,0.00628513,0.06573897,0.07830923,0.07006215,0.07487977
AdamW,adamw,AdamW,22,test_loss_gap,3,0.07242575,0.002423461,0.001399186,0.95,4.302653,0.00602021,0.06640554,0.07844596,0.0706474,0.07518609
AdamW,adamw,AdamW,23,test_loss_gap,3,0.07281229,0.00246396,0.001422568,0.95,4.302653,0.006120815,0.06669148,0.07893311,0.07108592,0.07563401
AdamW,adamw,AdamW,24,test_loss_gap,3,0.07326082,0.002605977,0.001504561,0.95,4.302653,0.006473605,0.06678721,0.07973442,0.07147224,0.07625078
AdamW,adamw,AdamW,25,test_loss_gap,3,0.07354805,0.002572414,0.001485184,0.95,4.302653,0.00639023,0.06715782,0.07993828,0.07176005,0.07649622
AdamW,adamw,AdamW,26,test_loss_gap,3,0.07385583,0.002533102,0.001462487,0.95,4.302653,0.006292575,0.06756325,0.0801484,0.07203901,0.07674943
AdamW,adamw,AdamW,27,test_loss_gap,3,0.07404294,0.002518753,0.001454202,0.95,4.302653,0.006256928,0.06778601,0.08029987,0.07227106,0.07692624
AdamW,adamw,AdamW,28,test_loss_gap,3,0.07419528,0.002527483,0.001459243,0.95,4.302653,0.006278615,0.06791666,0.08047389,0.07242494,0.07708982
AdamW,adamw,AdamW,29,test_loss_gap,3,0.07425229,0.002526774,0.001458833,0.95,4.302653,0.006276853,0.06797544,0.08052915,0.07247306,0.07714449
AdamW,adamw,AdamW,30,test_loss_gap,3,0.07428086,0.002521053,0.001455531,0.95,4.302653,0.006262644,0.06801821,0.0805435,0.07250282,0.07716603
AdamW,adamw,AdamW,0,train_accuracy,3,0.1053636,0.01751759,0.01011378,0.95,4.302653,0.04351609,0.06184754,0.1488797,0.08578182,0.1195455
AdamW,adamw,AdamW,1,train_accuracy,3,0.9482303,0.003044156,0.001757544,0.95,4.302653,0.007562103,0.9406682,0.9557924,0.9460545,0.9517091
AdamW,adamw,AdamW,2,train_accuracy,3,0.9752,0.00115035,0.000664155,0.95,4.302653,0.002857629,0.9723424,0.9780576,0.9744909,0.9765273
AdamW,adamw,AdamW,3,train_accuracy,3,0.9842121,0.003861457,0.002229414,0.95,4.302653,0.009592392,0.9746197,0.9938045,0.9804909,0.9882
AdamW,adamw,AdamW,4,train_accuracy,3,0.9899273,0.001704054,0.0009838363,0.95,4.302653,0.004233106,0.9856942,0.9941604,0.9888364,0.9918909
AdamW,adamw,AdamW,5,train_accuracy,3,0.992903,0.001463872,0.0008451667,0.95,4.302653,0.003636459,0.9892666,0.9965395,0.9914545,0.9943818
AdamW,adamw,AdamW,6,train_accuracy,3,0.9941879,0.002467932,0.001424861,0.95,4.302653,0.006130683,0.9880572,1.000319,0.9926909,0.9970364
AdamW,adamw,AdamW,7,train_accuracy,3,0.9961455,0.001048415,0.0006053026,0.95,4.302653,0.002604407,0.993541,0.9987499,0.9950545,0.9971455
AdamW,adamw,AdamW,8,train_accuracy,3,0.995503,0.002301299,0.001328656,0.95,4.302653,0.005716744,0.9897863,1.00122,0.993,0.9975273
AdamW,adamw,AdamW,9,train_accuracy,3,0.9959939,0.001611973,0.0009306731,0.95,4.302653,0.004004363,0.9919896,0.9999983,0.9950182,0.9978545
AdamW,adamw,AdamW,10,train_accuracy,3,0.9974485,0.0005707276,0.0003295098,0.95,4.302653,0.001417766,0.9960307,0.9988663,0.997,0.9980909
AdamW,adamw,AdamW,11,train_accuracy,3,0.9985879,0.001001872,0.0005784308,0.95,4.302653,0.002488787,0.9960991,1.001077,0.9974909,0.9994545
AdamW,adamw,AdamW,12,train_accuracy,3,0.9991879,0.0002818671,0.000162736,0.95,4.302653,0.0007001966,0.9984877,0.9998881,0.9989091,0.9994727
AdamW,adamw,AdamW,13,train_accuracy,3,0.9983515,0.0009273321,0.0005353955,0.95,4.302653,0.002303621,0.9960479,1.000655,0.9974182,0.9992727
AdamW,adamw,AdamW,14,train_accuracy,3,0.9986,0.001292445,0.0007461933,0.95,4.302653,0.003210611,0.9953894,1.001811,0.9973455,0.9999273
AdamW,adamw,AdamW,15,train_accuracy,3,0.9998424,0.0001340203,7.737664e-05,0.95,4.302653,0.0003329248,0.9995095,1.000175,0.9996909,0.9999455
AdamW,adamw,AdamW,16,train_accuracy,3,0.9999636,6.298367e-05,3.636364e-05,0.95,4.302653,0.0001564601,0.9998072,1.00012,0.9998909,1.0
AdamW,adamw,AdamW,17,train_accuracy,3,1.0,0.0,0.0,0.95,4.302653,0.0,1.0,1.0,1.0,1.0
AdamW,adamw,AdamW,18,train_accuracy,3,1.0,0.0,0.0,0.95,4.302653,0.0,1.0,1.0,1.0,1.0
AdamW,adamw,AdamW,19,train_accuracy,3,1.0,0.0,0.0,0.95,4.302653,0.0,1.0,1.0,1.0,1.0
AdamW,adamw,AdamW,20,train_accuracy,3,1.0,0.0,0.0,0.95,4.302653,0.0,1.0,1.0,1.0,1.0
AdamW,adamw,AdamW,21,train_accuracy,3,1.0,0.0,0.0,0.95,4.302653,0.0,1.0,1.0,1.0,1.0
AdamW,adamw,AdamW,22,train_accuracy,3,1.0,0.0,0.0,0.95,4.302653,0.0,1.0,1.0,1.0,1.0
AdamW,adamw,AdamW,23,train_accuracy,3,1.0,0.0,0.0,0.95,4.302653,0.0,1.0,1.0,1.0,1.0
AdamW,adamw,AdamW,24,train_accuracy,3,1.0,0.0,0.0,0.95,4.302653,0.0,1.0,1.0,1.0,1.0
AdamW,adamw,AdamW,25,train_accuracy,3,1.0,0.0,0.0,0.95,4.302653,0.0,1.0,1.0,1.0,1.0
AdamW,adamw,AdamW,26,train_accuracy,3,1.0,0.0,0.0,0.95,4.302653,0.0,1.0,1.0,1.0,1.0
AdamW,adamw,AdamW,27,train_accuracy,3,1.0,0.0,0.0,0.95,4.302653,0.0,1.0,1.0,1.0,1.0
AdamW,adamw,AdamW,28,train_accuracy,3,1.0,0.0,0.0,0.95,4.302653,0.0,1.0,1.0,1.0,1.0
AdamW,adamw,AdamW,29,train_accuracy,3,1.0,0.0,0.0,0.95,4.302653,0.0,1.0,1.0,1.0,1.0
AdamW,adamw,AdamW,30,train_accuracy,3,1.0,0.0,0.0,0.95,4.302653,0.0,1.0,1.0,1.0,1.0
AdamW,adamw,AdamW,0,train_loss,3,3.171538,0.2630029,0.1518448,0.95,4.302653,0.6533354,2.518202,3.824873,2.868125,3.334459
AdamW,adamw,AdamW,1,train_loss,3,0.172425,0.003881236,0.002240832,0.95,4.302653,0.009641524,0.1627834,0.1820665,0.1681501,0.1757278
AdamW,adamw,AdamW,2,train_loss,3,0.08240134,0.005134122,0.002964187,0.95,4.302653,0.01275387,0.06964748,0.09515521,0.07665836,0.08654672
AdamW,adamw,AdamW,3,train_loss,3,0.05097864,0.01179256,0.006808436,0.95,4.302653,0.02929434,0.02168431,0.08027298,0.038884,0.06244391
AdamW,adamw,AdamW,4,train_loss,3,0.03347403,0.004030385,0.002326944,0.95,4.302653,0.01001203,0.023462,0.04348607,0.02893081,0.03661934
AdamW,adamw,AdamW,5,train_loss,3,0.02248494,0.003036004,0.001752838,0.95,4.302653,0.007541851,0.01494309,0.03002679,0.01930458,0.02535234
AdamW,adamw,AdamW,6,train_loss,3,0.01904127,0.00573625,0.003311825,0.95,4.302653,0.01424964,0.004791635,0.03329091,0.01247402,0.02307188
AdamW,adamw,AdamW,7,train_loss,3,0.01295942,0.003056287,0.001764548,0.95,4.302653,0.007592239,0.005367186,0.02055166,0.009751491,0.01583727
AdamW,adamw,AdamW,8,train_loss,3,0.01408596,0.005415533,0.003126659,0.95,4.302653,0.01345293,0.0006330332,0.02753889,0.00912156,0.01986119
AdamW,adamw,AdamW,9,train_loss,3,0.01221456,0.00354801,0.002048445,0.95,4.302653,0.008813747,0.003400813,0.02102831,0.008153447,0.01471299
AdamW,adamw,AdamW,10,train_loss,3,0.00826818,0.001616563,0.0009333232,0.95,4.302653,0.004015766,0.004252414,0.01228395,0.006421455,0.00942709
AdamW,adamw,AdamW,11,train_loss,3,0.00479133,0.002625193,0.001515656,0.95,4.302653,0.00652134,-0.00173001,0.01131267,0.00241967,0.007612109
AdamW,adamw,AdamW,12,train_loss,3,0.002898124,0.000808478,0.000466775,0.95,4.302653,0.002008371,0.000889753,0.004906494,0.001978241,0.0034959
AdamW,adamw,AdamW,13,train_loss,3,0.005286537,0.002558371,0.001477076,0.95,4.302653,0.006355345,-0.001068808,0.01164188,0.002643255,0.007750568
AdamW,adamw,AdamW,14,train_loss,3,0.005000559,0.004101644,0.002368085,0.95,4.302653,0.01018905,-0.005188489,0.01518961,0.0006178129,0.008746645
AdamW,adamw,AdamW,15,train_loss,3,0.0009637515,0.0007712904,0.0004453047,0.95,4.302653,0.001915992,-0.0009522402,0.002879743,0.0002817624,0.001800787
AdamW,adamw,AdamW,16,train_loss,3,0.0003944306,0.000417078,0.0002408001,0.95,4.302653,0.001036079,-0.0006416486,0.00143051,0.0001221144,0.0008745902
AdamW,adamw,AdamW,17,train_loss,3,0.0001637409,8.277122e-05,4.778799e-05,0.95,4.302653,0.0002056151,-4.187422e-05,0.000369356,9.965836e-05,0.0002571918
AdamW,adamw,AdamW,18,train_loss,3,0.0001017674,2.051789e-05,1.184601e-05,0.95,4.302653,5.096927e-05,5.079808e-05,0.0001527366,8.625331e-05,0.0001250315
AdamW,adamw,AdamW,19,train_loss,3,8.535662e-05,1.04454e-05,6.030657e-06,0.95,4.302653,2.594782e-05,5.94088e-05,0.0001113044,7.7766e-05,9.72694e-05
AdamW,adamw,AdamW,20,train_loss,3,7.523182e-05,7.778807e-06,4.491096e-06,0.95,4.302653,1.932363e-05,5.590819e-05,9.455544e-05,6.941991e-05,8.406872e-05
AdamW,adamw,AdamW,21,train_loss,3,6.763321e-05,6.110795e-06,3.528069e-06,0.95,4.302653,1.518006e-05,5.245315e-05,8.281327e-05,6.254708e-05,7.441187e-05
AdamW,adamw,AdamW,22,train_loss,3,6.111323e-05,5.123427e-06,2.958012e-06,0.95,4.302653,1.27273e-05,4.838593e-05,7.384052e-05,5.692966e-05,6.682756e-05
AdamW,adamw,AdamW,23,train_loss,3,5.6471e-05,4.162965e-06,2.403489e-06,0.95,4.302653,1.034138e-05,4.612962e-05,6.681238e-05,5.290703e-05,6.104652e-05
AdamW,adamw,AdamW,24,train_loss,3,5.253902e-05,3.849509e-06,2.222515e-06,0.95,4.302653,9.562712e-06,4.297631e-05,6.210173e-05,4.922985e-05,5.676378e-05
AdamW,adamw,AdamW,25,train_loss,3,4.944373e-05,3.353223e-06,1.935984e-06,0.95,4.302653,8.329867e-06,4.111386e-05,5.777359e-05,4.665143e-05,5.316289e-05
AdamW,adamw,AdamW,26,train_loss,3,4.714624e-05,3.326111e-06,1.920331e-06,0.95,4.302653,8.262518e-06,3.888372e-05,5.540876e-05,4.431344e-05,5.080863e-05
AdamW,adamw,AdamW,27,train_loss,3,4.545886e-05,3.042682e-06,1.756693e-06,0.95,4.302653,7.55844e-06,3.790043e-05,5.30173e-05,4.286593e-05,4.880849e-05
AdamW,adamw,AdamW,28,train_loss,3,4.439857e-05,2.951961e-06,1.704315e-06,0.95,4.302653,7.333076e-06,3.706549e-05,5.173165e-05,4.18587e-05,4.763723e-05
AdamW,adamw,AdamW,29,train_loss,3,4.38556e-05,2.903813e-06,1.676517e-06,0.95,4.302653,7.21347e-06,3.664213e-05,5.106907e-05,4.136659e-05,4.704581e-05
AdamW,adamw,AdamW,30,train_loss,3,4.366362e-05,2.885648e-06,1.66603e-06,0.95,4.302653,7.168348e-06,3.649527e-05,5.083197e-05,4.118918e-05,4.683341e-05
AdamW,adamw,AdamW,0,validation_accuracy,3,0.1020667,0.01158677,0.006689627,0.95,4.302653,0.02878314,0.07328352,0.1308498,0.0888,0.1102
AdamW,adamw,AdamW,1,validation_accuracy,3,0.9440667,0.002193931,0.001266667,0.95,4.302653,0.005450027,0.9386166,0.9495167,0.9416,0.9458
AdamW,adamw,AdamW,2,validation_accuracy,3,0.9656,0.002088061,0.001205543,0.95,4.302653,0.005187032,0.960413,0.970787,0.9642,0.968
AdamW,adamw,AdamW,3,validation_accuracy,3,0.9722,0.003174902,0.00183303,0.95,4.302653,0.007886893,0.9643131,0.9800869,0.9698,0.9758
AdamW,adamw,AdamW,4,validation_accuracy,3,0.9750667,0.0005033223,0.0002905933,0.95,4.302653,0.001250322,0.9738163,0.976317,0.9746,0.9756
AdamW,adamw,AdamW,5,validation_accuracy,3,0.976,0.00103923,0.0006,0.95,4.302653,0.002581592,0.9734184,0.9785816,0.9748,0.9766
AdamW,adamw,AdamW,6,validation_accuracy,3,0.9775333,0.00321455,0.001855921,0.95,4.302653,0.007985386,0.9695479,0.9855187,0.9752,0.9812
AdamW,adamw,AdamW,7,validation_accuracy,3,0.9794667,0.002335237,0.00134825,0.95,4.302653,0.005801051,0.9736656,0.9852677,0.9774,0.982
AdamW,adamw,AdamW,8,validation_accuracy,3,0.9788,0.003218695,0.001858315,0.95,4.302653,0.007995683,0.9708043,0.9867957,0.9762,0.9824
AdamW,adamw,AdamW,9,validation_accuracy,3,0.9764,0.002835489,0.001637071,0.95,4.302653,0.007043746,0.9693563,0.9834437,0.9742,0.9796
AdamW,adamw,AdamW,10,validation_accuracy,3,0.9806,0.001637071,0.0009451631,0.95,4.302653,0.004066709,0.9765333,0.9846667,0.9788,0.982
AdamW,adamw,AdamW,11,validation_accuracy,3,0.982,0.002271563,0.001311488,0.95,4.302653,0.005642876,0.9763571,0.9876429,0.9794,0.9836
AdamW,adamw,AdamW,12,validation_accuracy,3,0.9826,0.001637071,0.0009451631,0.95,4.302653,0.004066709,0.9785333,0.9866667,0.9812,0.9844
AdamW,adamw,AdamW,13,validation_accuracy,3,0.9808,0.0005291503,0.000305505,0.95,4.302653,0.001314482,0.9794855,0.9821145,0.9802,0.9812
AdamW,adamw,AdamW,14,validation_accuracy,3,0.9826,0.002457641,0.00141892,0.95,4.302653,0.006105119,0.9764949,0.9887051,0.9808,0.9854
AdamW,adamw,AdamW,15,validation_accuracy,3,0.9839333,0.001101514,0.0006359595,0.95,4.302653,0.002736313,0.981197,0.9866696,0.9832,0.9852
AdamW,adamw,AdamW,16,validation_accuracy,3,0.9851333,0.0009865766,0.0005696002,0.95,4.302653,0.002450792,0.9826825,0.9875841,0.984,0.9858
AdamW,adamw,AdamW,17,validation_accuracy,3,0.9852,0.001058301,0.0006110101,0.95,4.302653,0.002628964,0.982571,0.987829,0.984,0.986
AdamW,adamw,AdamW,18,validation_accuracy,3,0.9852667,0.0009451631,0.0005456902,0.95,4.302653,0.002347915,0.9829188,0.9876146,0.9842,0.986
AdamW,adamw,AdamW,19,validation_accuracy,3,0.9854,0.001058301,0.0006110101,0.95,4.302653,0.002628964,0.982771,0.988029,0.9842,0.9862
AdamW,adamw,AdamW,20,validation_accuracy,3,0.9853333,0.0008082904,0.0004666667,0.95,4.302653,0.002007905,0.9833254,0.9873412,0.9844,0.9858
AdamW,adamw,AdamW,21,validation_accuracy,3,0.9855333,0.0008326664,0.0004807402,0.95,4.302653,0.002068458,0.9834649,0.9876018,0.9846,0.9862
AdamW,adamw,AdamW,22,validation_accuracy,3,0.9854667,0.0007571878,0.0004371626,0.95,4.302653,0.001880959,0.9835857,0.9873476,0.9846,0.986
AdamW,adamw,AdamW,23,validation_accuracy,3,0.9854,0.0006,0.0003464102,0.95,4.302653,0.001490483,0.9839095,0.9868905,0.9848,0.986
AdamW,adamw,AdamW,24,validation_accuracy,3,0.9856,0.0006928203,0.0004,0.95,4.302653,0.001721061,0.9838789,0.9873211,0.9848,0.986
AdamW,adamw,AdamW,25,validation_accuracy,3,0.9856,0.0006928203,0.0004,0.95,4.302653,0.001721061,0.9838789,0.9873211,0.9848,0.986
AdamW,adamw,AdamW,26,validation_accuracy,3,0.9854,0.0008717798,0.0005033223,0.95,4.302653,0.002165621,0.9832344,0.9875656,0.9844,0.986
AdamW,adamw,AdamW,27,validation_accuracy,3,0.9855333,0.0006429101,0.0003711843,0.95,4.302653,0.001597077,0.9839363,0.9871304,0.9848,0.986
AdamW,adamw,AdamW,28,validation_accuracy,3,0.9855333,0.0006429101,0.0003711843,0.95,4.302653,0.001597077,0.9839363,0.9871304,0.9848,0.986
AdamW,adamw,AdamW,29,validation_accuracy,3,0.9855333,0.0006429101,0.0003711843,0.95,4.302653,0.001597077,0.9839363,0.9871304,0.9848,0.986
AdamW,adamw,AdamW,30,validation_accuracy,3,0.9855333,0.0006429101,0.0003711843,0.95,4.302653,0.001597077,0.9839363,0.9871304,0.9848,0.986
AdamW,adamw,AdamW,0,validation_accuracy_gap,3,0.00329697,0.00618613,0.003571564,0.95,4.302653,0.0153672,-0.01207023,0.01866417,-0.003018182,0.009345455
AdamW,adamw,AdamW,1,validation_accuracy_gap,3,0.004163636,0.002536087,0.00146421,0.95,4.302653,0.006299989,-0.002136352,0.01046362,0.001254545,0.005909091
AdamW,adamw,AdamW,2,validation_accuracy_gap,3,0.0096,0.000960888,0.000554769,0.95,4.302653,0.002386978,0.007213022,0.01198698,0.008527273,0.01038182
AdamW,adamw,AdamW,3,validation_accuracy_gap,3,0.01201212,0.001176257,0.0006791125,0.95,4.302653,0.002921985,0.009090136,0.01493411,0.01069091,0.01294545
AdamW,adamw,AdamW,4,validation_accuracy_gap,3,0.01486061,0.001276661,0.0007370803,0.95,4.302653,0.003171401,0.01168921,0.01803201,0.01383636,0.01629091
AdamW,adamw,AdamW,5,validation_accuracy_gap,3,0.01690303,0.001779993,0.001027679,0.95,4.302653,0.004421747,0.01248128,0.02132478,0.01485455,0.01807273
AdamW,adamw,AdamW,6,validation_accuracy_gap,3,0.01665455,0.0008274226,0.0004777126,0.95,4.302653,0.002055432,0.01459911,0.01870998,0.01583636,0.01749091
AdamW,adamw,AdamW,7,validation_accuracy_gap,3,0.01667879,0.001923008,0.001110249,0.95,4.302653,0.004777018,0.01190177,0.02145581,0.01514545,0.01883636
AdamW,adamw,AdamW,8,validation_accuracy_gap,3,0.01670303,0.00152958,0.0008831033,0.95,4.302653,0.003799687,0.01290334,0.02050272,0.01512727,0.01818182
AdamW,adamw,AdamW,9,validation_accuracy_gap,3,0.01959394,0.001285692,0.0007422944,0.95,4.302653,0.003193835,0.0164001,0.02278777,0.01825455,0.02081818
AdamW,adamw,AdamW,10,validation_accuracy_gap,3,0.01684848,0.001391632,0.000803459,0.95,4.302653,0.003457005,0.01339148,0.02030549,0.016,0.01845455
AdamW,adamw,AdamW,11,validation_accuracy_gap,3,0.01658788,0.001440998,0.0008319603,0.95,4.302653,0.003579636,0.01300824,0.02016752,0.01521818,0.01809091
AdamW,adamw,AdamW,12,validation_accuracy_gap,3,0.01658788,0.001579239,0.0009117738,0.95,4.302653,0.003923046,0.01266483,0.02051092,0.01478182,0.01770909
AdamW,adamw,AdamW,13,validation_accuracy_gap,3,0.01755152,0.00136912,0.000790462,0.95,4.302653,0.003401083,0.01415043,0.0209526,0.01641818,0.01907273
AdamW,adamw,AdamW,14,validation_accuracy_gap,3,0.016,0.001289628,0.0007445671,0.95,4.302653,0.003203614,0.01279639,0.01920361,0.01452727,0.01692727
AdamW,adamw,AdamW,15,validation_accuracy_gap,3,0.01590909,0.001027393,0.0005931659,0.95,4.302653,0.002552187,0.0133569,0.01846128,0.01474545,0.01669091
AdamW,adamw,AdamW,16,validation_accuracy_gap,3,0.0148303,0.001024709,0.0005916157,0.95,4.302653,0.002545517,0.01228479,0.01737582,0.01409091,0.016
AdamW,adamw,AdamW,17,validation_accuracy_gap,3,0.0148,0.001058301,0.0006110101,0.95,4.302653,0.002628964,0.01217104,0.01742896,0.014,0.016
AdamW,adamw,AdamW,18,validation_accuracy_gap,3,0.01473333,0.0009451631,0.0005456902,0.95,4.302653,0.002347915,0.01238542,0.01708125,0.014,0.0158
AdamW,adamw,AdamW,19,validation_accuracy_gap,3,0.0146,0.001058301,0.0006110101,0.95,4.302653,0.002628964,0.01197104,0.01722896,0.0138,0.0158
AdamW,adamw,AdamW,20,validation_accuracy_gap,3,0.01466667,0.0008082904,0.0004666667,0.95,4.302653,0.002007905,0.01265876,0.01667457,0.0142,0.0156
AdamW,adamw,AdamW,21,validation_accuracy_gap,3,0.01446667,0.0008326664,0.0004807402,0.95,4.302653,0.002068458,0.01239821,0.01653512,0.0138,0.0154
AdamW,adamw,AdamW,22,validation_accuracy_gap,3,0.01453333,0.0007571878,0.0004371626,0.95,4.302653,0.001880959,0.01265237,0.01641429,0.014,0.0154
AdamW,adamw,AdamW,23,validation_accuracy_gap,3,0.0146,0.0006,0.0003464102,0.95,4.302653,0.001490483,0.01310952,0.01609048,0.014,0.0152
AdamW,adamw,AdamW,24,validation_accuracy_gap,3,0.0144,0.0006928203,0.0004,0.95,4.302653,0.001721061,0.01267894,0.01612106,0.014,0.0152
AdamW,adamw,AdamW,25,validation_accuracy_gap,3,0.0144,0.0006928203,0.0004,0.95,4.302653,0.001721061,0.01267894,0.01612106,0.014,0.0152
AdamW,adamw,AdamW,26,validation_accuracy_gap,3,0.0146,0.0008717798,0.0005033223,0.95,4.302653,0.002165621,0.01243438,0.01676562,0.014,0.0156
AdamW,adamw,AdamW,27,validation_accuracy_gap,3,0.01446667,0.0006429101,0.0003711843,0.95,4.302653,0.001597077,0.01286959,0.01606374,0.014,0.0152
AdamW,adamw,AdamW,28,validation_accuracy_gap,3,0.01446667,0.0006429101,0.0003711843,0.95,4.302653,0.001597077,0.01286959,0.01606374,0.014,0.0152
AdamW,adamw,AdamW,29,validation_accuracy_gap,3,0.01446667,0.0006429101,0.0003711843,0.95,4.302653,0.001597077,0.01286959,0.01606374,0.014,0.0152
AdamW,adamw,AdamW,30,validation_accuracy_gap,3,0.01446667,0.0006429101,0.0003711843,0.95,4.302653,0.001597077,0.01286959,0.01606374,0.014,0.0152
AdamW,adamw,AdamW,0,validation_loss,3,3.170568,0.2343907,0.1353256,0.95,4.302653,0.5822589,2.588309,3.752827,2.900173,3.315961
AdamW,adamw,AdamW,1,validation_loss,3,0.1902327,0.002253756,0.001301206,0.95,4.302653,0.00559864,0.1846341,0.1958313,0.1879228,0.1924258
AdamW,adamw,AdamW,2,validation_loss,3,0.1114916,0.006695021,0.003865372,0.95,4.302653,0.01663135,0.09486029,0.128123,0.1044581,0.1177869
AdamW,adamw,AdamW,3,validation_loss,3,0.09181796,0.01395953,0.00805954,0.95,4.302653,0.0346774,0.05714056,0.1264954,0.07986023,0.1071578
AdamW,adamw,AdamW,4,validation_loss,3,0.08458955,0.007521599,0.004342597,0.95,4.302653,0.01868469,0.06590486,0.1032742,0.07666782,0.0916341
AdamW,adamw,AdamW,5,validation_loss,3,0.08208194,0.00714229,0.004123603,0.95,4.302653,0.01774243,0.06433951,0.09982437,0.07396919,0.08742273
AdamW,adamw,AdamW,6,validation_loss,3,0.0815349,0.008137572,0.004698229,0.95,4.302653,0.02021485,0.06132005,0.1017498,0.07213866,0.08628861
AdamW,adamw,AdamW,7,validation_loss,3,0.07739713,0.006737513,0.003889905,0.95,4.302653,0.01673691,0.06066022,0.09413404,0.07000785,0.08319961
AdamW,adamw,AdamW,8,validation_loss,3,0.08589185,0.007450814,0.004301729,0.95,4.302653,0.01850885,0.06738301,0.1044007,0.07736775,0.09116355
AdamW,adamw,AdamW,9,validation_loss,3,0.09426817,0.01213422,0.007005692,0.95,4.302653,0.03014306,0.06412511,0.1244112,0.08030818,0.1022865
AdamW,adamw,AdamW,10,validation_loss,3,0.08311757,0.004492892,0.002593973,0.95,4.302653,0.01116096,0.07195661,0.09427853,0.07935022,0.08809016
AdamW,adamw,AdamW,11,validation_loss,3,0.08084297,0.005981491,0.003453416,0.95,4.302653,0.01485885,0.06598412,0.09570182,0.0770185,0.087736
AdamW,adamw,AdamW,12,validation_loss,3,0.0818744,0.004351296,0.002512222,0.95,4.302653,0.01080922,0.07106518,0.09268362,0.07765359,0.08634539
AdamW,adamw,AdamW,13,validation_loss,3,0.08784123,0.002436749,0.001406858,0.95,4.302653,0.006053219,0.08178801,0.09389444,0.08629509,0.09065018
AdamW,adamw,AdamW,14,validation_loss,3,0.08251877,0.008474861,0.004892963,0.95,4.302653,0.02105272,0.06146605,0.1035715,0.07285196,0.08867046
AdamW,adamw,AdamW,15,validation_loss,3,0.07797029,0.005185657,0.002993941,0.95,4.302653,0.01288189,0.0650884,0.09085218,0.07238299,0.08262877
AdamW,adamw,AdamW,16,validation_loss,3,0.07443486,0.002647904,0.001528768,0.95,4.302653,0.006577759,0.0678571,0.08101262,0.07263858,0.07747576
AdamW,adamw,AdamW,17,validation_loss,3,0.07581354,0.003758329,0.002169872,0.95,4.302653,0.009336206,0.06647733,0.08514974,0.0734452,0.08014703
AdamW,adamw,AdamW,18,validation_loss,3,0.07628788,0.003281175,0.001894387,0.95,4.302653,0.00815089,0.06813699,0.08443877,0.07420589,0.08007024
AdamW,adamw,AdamW,19,validation_loss,3,0.07670818,0.00388118,0.002240801,0.95,4.302653,0.009641387,0.0670668,0.08634957,0.07416009,0.08117503
AdamW,adamw,AdamW,20,validation_loss,3,0.07681372,0.00389879,0.002250967,0.95,4.302653,0.009685131,0.06712859,0.08649886,0.07432097,0.08130667
AdamW,adamw,AdamW,21,validation_loss,3,0.07755206,0.003931185,0.002269671,0.95,4.302653,0.009765605,0.06778646,0.08731767,0.07475271,0.0820464
AdamW,adamw,AdamW,22,validation_loss,3,0.07815288,0.003881274,0.002240854,0.95,4.302653,0.009641618,0.06851126,0.0877945,0.07532529,0.08257796
AdamW,adamw,AdamW,23,validation_loss,3,0.07864781,0.003809634,0.002199493,0.95,4.302653,0.009463657,0.06918416,0.08811147,0.07601923,0.08301681
AdamW,adamw,AdamW,24,validation_loss,3,0.07894416,0.003851118,0.002223444,0.95,4.302653,0.009566706,0.06937746,0.08851087,0.0763895,0.0833737
AdamW,adamw,AdamW,25,validation_loss,3,0.07936784,0.004012189,0.002316438,0.95,4.302653,0.00996683,0.06940101,0.08933467,0.07657569,0.08396557
AdamW,adamw,AdamW,26,validation_loss,3,0.07967454,0.003921938,0.002264332,0.95,4.302653,0.009742635,0.0699319,0.08941717,0.07681151,0.08414478
AdamW,adamw,AdamW,27,validation_loss,3,0.07984908,0.003867846,0.002233102,0.95,4.302653,0.009608261,0.07024082,0.08945734,0.07710729,0.0842732
AdamW,adamw,AdamW,28,validation_loss,3,0.07998501,0.003940571,0.00227509,0.95,4.302653,0.00978892,0.07019609,0.08977393,0.077192,0.08449237
AdamW,adamw,AdamW,29,validation_loss,3,0.08006278,0.00393842,0.002273848,0.95,4.302653,0.009783577,0.07027921,0.08984636,0.07727617,0.08456852
AdamW,adamw,AdamW,30,validation_loss,3,0.08009424,0.003942067,0.002275953,0.95,4.302653,0.009792637,0.07030161,0.08988688,0.07730928,0.08460488
AdamW,adamw,AdamW,0,validation_loss_gap,3,-0.0009701259,0.02861295,0.0165197,0.95,4.302653,0.07107852,-0.07204865,0.07010839,-0.01849831,0.03204831
AdamW,adamw,AdamW,1,validation_loss_gap,3,0.01780774,0.001706482,0.0009852381,0.95,4.302653,0.004239137,0.0135686,0.02204687,0.01669799,0.01977273
AdamW,adamw,AdamW,2,validation_loss_gap,3,0.0290903,0.001874296,0.001082125,0.95,4.302653,0.00465601,0.02443429,0.03374631,0.0277997,0.03124017
AdamW,adamw,AdamW,3,validation_loss_gap,3,0.04083932,0.003944817,0.002277541,0.95,4.302653,0.009799468,0.03103985,0.05063879,0.03682783,0.0447139
AdamW,adamw,AdamW,4,validation_loss_gap,3,0.05111551,0.004921546,0.002841456,0.95,4.302653,0.0122258,0.03888972,0.06334131,0.04773701,0.05676215
AdamW,adamw,AdamW,5,validation_loss_gap,3,0.059597,0.004980796,0.002875664,0.95,4.302653,0.01237298,0.04722402,0.07196999,0.05466461,0.06462483
AdamW,adamw,AdamW,6,validation_loss_gap,3,0.06249363,0.002545664,0.00146974,0.95,4.302653,0.006323781,0.05616985,0.06881741,0.05966464,0.06459952
AdamW,adamw,AdamW,7,validation_loss_gap,3,0.06443771,0.004954668,0.002860579,0.95,4.302653,0.01230808,0.05212963,0.07674578,0.06025636,0.06991009
AdamW,adamw,AdamW,8,validation_loss_gap,3,0.07180589,0.003836331,0.002214907,0.95,4.302653,0.009529974,0.06227592,0.08133586,0.06824619,0.07586912
AdamW,adamw,AdamW,9,validation_loss_gap,3,0.08205361,0.008591641,0.004960386,0.95,4.302653,0.02134282,0.06071079,0.1033964,0.07215473,0.08757353
AdamW,adamw,AdamW,10,validation_loss_gap,3,0.07484939,0.004638904,0.002678272,0.95,4.302653,0.01152368,0.06332571,0.08637306,0.06992313,0.07913416
AdamW,adamw,AdamW,11,validation_loss_gap,3,0.07605164,0.003574586,0.002063788,0.95,4.302653,0.008879764,0.06717188,0.0849314,0.0734322,0.08012389
AdamW,adamw,AdamW,12,validation_loss_gap,3,0.07897627,0.003621146,0.00209067,0.95,4.302653,0.008995426,0.06998085,0.0879717,0.07567535,0.08284949
AdamW,adamw,AdamW,13,validation_loss_gap,3,0.08255469,0.001581397,0.0009130198,0.95,4.302653,0.003928407,0.07862628,0.0864831,0.0808293,0.08393515
AdamW,adamw,AdamW,14,validation_loss_gap,3,0.07751821,0.004582235,0.002645555,0.95,4.302653,0.0113829,0.06613531,0.08890111,0.07223415,0.08039667
AdamW,adamw,AdamW,15,validation_loss_gap,3,0.07700654,0.004860069,0.002805962,0.95,4.302653,0.01207308,0.06493346,0.08907962,0.07210122,0.08182006
AdamW,adamw,AdamW,16,validation_loss_gap,3,0.07404043,0.002815289,0.001625408,0.95,4.302653,0.006993564,0.06704686,0.08103399,0.07231564,0.07728917
AdamW,adamw,AdamW,17,validation_loss_gap,3,0.0756498,0.003780348,0.002182585,0.95,4.302653,0.009390905,0.06625889,0.0850407,0.07334554,0.08001266
AdamW,adamw,AdamW,18,validation_loss_gap,3,0.07618611,0.003289057,0.001898938,0.95,4.302653,0.008170471,0.06801564,0.08435659,0.07408086,0.07997623
AdamW,adamw,AdamW,19,validation_loss_gap,3,0.07662283,0.003885713,0.002243418,0.95,4.302653,0.009652647,0.06697018,0.08627547,0.07406282,0.081094
AdamW,adamw,AdamW,20,validation_loss_gap,3,0.07673849,0.003901874,0.002252748,0.95,4.302653,0.009692791,0.0670457,0.08643128,0.0742369,0.08123446
AdamW,adamw,AdamW,21,validation_loss_gap,3,0.07748443,0.003933474,0.002270992,0.95,4.302653,0.00977129,0.06771314,0.08725572,0.0746783,0.08198046
AdamW,adamw,AdamW,22,validation_loss_gap,3,0.07809177,0.00388337,0.002242065,0.95,4.302653,0.009646825,0.06844494,0.08773859,0.07525846,0.08251838
AdamW,adamw,AdamW,23,validation_loss_gap,3,0.07859134,0.003810981,0.002200271,0.95,4.302653,0.009467002,0.06912434,0.08805834,0.07595818,0.08296135
AdamW,adamw,AdamW,24,validation_loss_gap,3,0.07889162,0.003852242,0.002224093,0.95,4.302653,0.009569499,0.06932213,0.08846112,0.07633273,0.08332207
AdamW,adamw,AdamW,25,validation_loss_gap,3,0.0793184,0.004013387,0.00231713,0.95,4.302653,0.009969806,0.06934859,0.0892882,0.07652252,0.08391705
AdamW,adamw,AdamW,26,validation_loss_gap,3,0.07962739,0.003923169,0.002265042,0.95,4.302653,0.009745691,0.0698817,0.08937308,0.0767607,0.08409847
AdamW,adamw,AdamW,27,validation_loss_gap,3,0.07980362,0.003868903,0.002233712,0.95,4.302653,0.009610887,0.07019273,0.08941451,0.07705848,0.0842285
AdamW,adamw,AdamW,28,validation_loss_gap,3,0.07994061,0.003941567,0.002275664,0.95,4.302653,0.009791394,0.07014921,0.089732,0.07714436,0.08444867
AdamW,adamw,AdamW,29,validation_loss_gap,3,0.08001893,0.003939407,0.002274418,0.95,4.302653,0.00978603,0.0702329,0.08980496,0.07722913,0.08452537
AdamW,adamw,AdamW,30,validation_loss_gap,3,0.08005058,0.003943044,0.002276517,0.95,4.302653,0.009795064,0.07025552,0.08984564,0.07726244,0.08456191
