run,optimizer,optimizer_label,layer,epoch,metric,n,mean,std,sem,confidence,critical_value,ci_half_width,ci_low,ci_high,minimum,maximum
AdamW,adamw,AdamW,fc1,0,ERG_gap,3,357.666667,27.682726,15.982629,0.95,4.302653,68.767704,288.898962,426.434371,332.0,387.0
AdamW,adamw,AdamW,fc1,1,ERG_gap,3,369.666667,20.502032,11.836854,0.95,4.302653,50.929872,318.736795,420.596539,346.0,382.0
AdamW,adamw,AdamW,fc1,2,ERG_gap,3,374.333333,7.767453,4.484541,0.95,4.302653,19.295424,355.037909,393.628757,368.0,383.0
AdamW,adamw,AdamW,fc1,3,ERG_gap,3,364.0,4.582576,2.645751,0.95,4.302653,11.383749,352.616251,375.383749,359.0,368.0
AdamW,adamw,AdamW,fc1,4,ERG_gap,3,350.333333,4.163332,2.403701,0.95,4.302653,10.34229,339.991043,360.675623,347.0,355.0
AdamW,adamw,AdamW,fc1,5,ERG_gap,3,341.0,5.196152,3.0,0.95,4.302653,12.907958,328.092042,353.907958,335.0,344.0
AdamW,adamw,AdamW,fc1,6,ERG_gap,3,331.666667,4.932883,2.848001,0.95,4.302653,12.25396,319.412706,343.920627,326.0,335.0
AdamW,adamw,AdamW,fc1,7,ERG_gap,3,327.0,7.81025,4.50925,0.95,4.302653,19.401736,307.598264,346.401736,318.0,332.0
AdamW,adamw,AdamW,fc1,8,ERG_gap,3,322.333333,2.081666,1.20185,0.95,4.302653,5.171145,317.162188,327.504478,320.0,324.0
AdamW,adamw,AdamW,fc1,9,ERG_gap,3,315.333333,1.154701,0.666667,0.95,4.302653,2.868435,312.464898,318.201768,314.0,316.0
AdamW,adamw,AdamW,fc1,10,ERG_gap,3,308.333333,5.033223,2.905933,0.95,4.302653,12.503219,295.830114,320.836552,303.0,313.0
AdamW,adamw,AdamW,fc1,11,ERG_gap,3,306.0,7.81025,4.50925,0.95,4.302653,19.401736,286.598264,325.401736,301.0,315.0
AdamW,adamw,AdamW,fc1,12,ERG_gap,3,302.0,9.643651,5.567764,0.95,4.302653,23.956157,278.043843,325.956157,295.0,313.0
AdamW,adamw,AdamW,fc1,13,ERG_gap,3,300.333333,11.150486,6.437736,0.95,4.302653,27.699342,272.633991,328.032676,292.0,313.0
AdamW,adamw,AdamW,fc1,14,ERG_gap,3,293.333333,1.527525,0.881917,0.95,4.302653,3.794583,289.53875,297.127916,292.0,295.0
AdamW,adamw,AdamW,fc1,15,ERG_gap,3,293.0,3.0,1.732051,0.95,4.302653,7.452413,285.547587,300.452413,290.0,296.0
AdamW,adamw,AdamW,fc1,16,ERG_gap,3,291.333333,3.05505,1.763834,0.95,4.302653,7.589166,283.744167,298.922499,288.0,294.0
AdamW,adamw,AdamW,fc1,17,ERG_gap,3,289.666667,3.785939,2.185813,0.95,4.302653,9.404794,280.261873,299.07146,287.0,294.0
AdamW,adamw,AdamW,fc1,18,ERG_gap,3,289.666667,3.785939,2.185813,0.95,4.302653,9.404794,280.261873,299.07146,287.0,294.0
AdamW,adamw,AdamW,fc1,19,ERG_gap,3,291.333333,3.05505,1.763834,0.95,4.302653,7.589166,283.744167,298.922499,288.0,294.0
AdamW,adamw,AdamW,fc1,20,ERG_gap,3,290.333333,2.081666,1.20185,0.95,4.302653,5.171145,285.162188,295.504478,288.0,292.0
AdamW,adamw,AdamW,fc1,21,ERG_gap,3,290.333333,2.081666,1.20185,0.95,4.302653,5.171145,285.162188,295.504478,288.0,292.0
AdamW,adamw,AdamW,fc1,22,ERG_gap,3,290.333333,2.081666,1.20185,0.95,4.302653,5.171145,285.162188,295.504478,288.0,292.0
AdamW,adamw,AdamW,fc1,23,ERG_gap,3,290.333333,2.081666,1.20185,0.95,4.302653,5.171145,285.162188,295.504478,288.0,292.0
AdamW,adamw,AdamW,fc1,24,ERG_gap,3,290.333333,2.081666,1.20185,0.95,4.302653,5.171145,285.162188,295.504478,288.0,292.0
AdamW,adamw,AdamW,fc1,25,ERG_gap,3,290.333333,2.081666,1.20185,0.95,4.302653,5.171145,285.162188,295.504478,288.0,292.0
AdamW,adamw,AdamW,fc1,26,ERG_gap,3,289.333333,1.527525,0.881917,0.95,4.302653,3.794583,285.53875,293.127916,288.0,291.0
AdamW,adamw,AdamW,fc1,27,ERG_gap,3,290.333333,2.081666,1.20185,0.95,4.302653,5.171145,285.162188,295.504478,288.0,292.0
AdamW,adamw,AdamW,fc1,28,ERG_gap,3,289.333333,1.527525,0.881917,0.95,4.302653,3.794583,285.53875,293.127916,288.0,291.0
AdamW,adamw,AdamW,fc1,29,ERG_gap,3,289.333333,1.527525,0.881917,0.95,4.302653,3.794583,285.53875,293.127916,288.0,291.0
AdamW,adamw,AdamW,fc1,30,ERG_gap,3,289.333333,1.527525,0.881917,0.95,4.302653,3.794583,285.53875,293.127916,288.0,291.0
AdamW,adamw,AdamW,fc2,0,ERG_gap,3,343.0,18.520259,10.692677,0.95,4.302653,46.006874,296.993126,389.006874,322.0,357.0
AdamW,adamw,AdamW,fc2,1,ERG_gap,3,340.666667,11.23981,6.489307,0.95,4.302653,27.921236,312.74543,368.587903,331.0,353.0
AdamW,adamw,AdamW,fc2,2,ERG_gap,3,345.666667,8.082904,4.666667,0.95,4.302653,20.079046,325.587621,365.745713,341.0,355.0
AdamW,adamw,AdamW,fc2,3,ERG_gap,3,343.666667,4.163332,2.403701,0.95,4.302653,10.34229,333.324377,354.008957,339.0,347.0
AdamW,adamw,AdamW,fc2,4,ERG_gap,3,339.0,6.082763,3.511885,0.95,4.302653,15.11042,323.88958,354.11042,335.0,346.0
AdamW,adamw,AdamW,fc2,5,ERG_gap,3,327.333333,2.516611,1.452966,0.95,4.302653,6.251609,321.081724,333.584943,325.0,330.0
AdamW,adamw,AdamW,fc2,6,ERG_gap,3,313.333333,1.154701,0.666667,0.95,4.302653,2.868435,310.464898,316.201768,312.0,314.0
AdamW,adamw,AdamW,fc2,7,ERG_gap,3,307.0,2.645751,1.527525,0.95,4.302653,6.572411,300.427589,313.572411,305.0,310.0
AdamW,adamw,AdamW,fc2,8,ERG_gap,3,303.333333,2.516611,1.452966,0.95,4.302653,6.251609,297.081724,309.584943,301.0,306.0
AdamW,adamw,AdamW,fc2,9,ERG_gap,3,300.666667,1.154701,0.666667,0.95,4.302653,2.868435,297.798232,303.535102,300.0,302.0
AdamW,adamw,AdamW,fc2,10,ERG_gap,3,296.0,2.645751,1.527525,0.95,4.302653,6.572411,289.427589,302.572411,293.0,298.0
AdamW,adamw,AdamW,fc2,11,ERG_gap,3,291.666667,7.571878,4.371626,0.95,4.302653,18.809587,272.857079,310.476254,283.0,297.0
AdamW,adamw,AdamW,fc2,12,ERG_gap,3,288.333333,5.033223,2.905933,0.95,4.302653,12.503219,275.830114,300.836552,283.0,293.0
AdamW,adamw,AdamW,fc2,13,ERG_gap,3,287.333333,4.041452,2.333333,0.95,4.302653,10.039523,277.29381,297.372856,285.0,292.0
AdamW,adamw,AdamW,fc2,14,ERG_gap,3,283.333333,9.073772,5.238745,0.95,4.302653,22.540499,260.792835,305.873832,275.0,293.0
AdamW,adamw,AdamW,fc2,15,ERG_gap,3,281.666667,11.503623,6.64162,0.95,4.302653,28.576583,253.090084,310.243249,270.0,293.0
AdamW,adamw,AdamW,fc2,16,ERG_gap,3,282.333333,10.503968,6.064468,0.95,4.302653,26.093302,256.240032,308.426635,272.0,293.0
AdamW,adamw,AdamW,fc2,17,ERG_gap,3,281.666667,10.016653,5.783117,0.95,4.302653,24.882745,256.783922,306.549412,272.0,292.0
AdamW,adamw,AdamW,fc2,18,ERG_gap,3,281.666667,10.016653,5.783117,0.95,4.302653,24.882745,256.783922,306.549412,272.0,292.0
AdamW,adamw,AdamW,fc2,19,ERG_gap,3,281.333333,10.503968,6.064468,0.95,4.302653,26.093302,255.240032,307.426635,271.0,292.0
AdamW,adamw,AdamW,fc2,20,ERG_gap,3,280.0,8.544004,4.932883,0.95,4.302653,21.224482,258.775518,301.224482,271.0,288.0
AdamW,adamw,AdamW,fc2,21,ERG_gap,3,280.0,8.544004,4.932883,0.95,4.302653,21.224482,258.775518,301.224482,271.0,288.0
AdamW,adamw,AdamW,fc2,22,ERG_gap,3,280.333333,8.621678,4.977728,0.95,4.302653,21.417436,258.915898,301.750769,271.0,288.0
AdamW,adamw,AdamW,fc2,23,ERG_gap,3,280.333333,8.621678,4.977728,0.95,4.302653,21.417436,258.915898,301.750769,271.0,288.0
AdamW,adamw,AdamW,fc2,24,ERG_gap,3,280.333333,8.621678,4.977728,0.95,4.302653,21.417436,258.915898,301.750769,271.0,288.0
AdamW,adamw,AdamW,fc2,25,ERG_gap,3,280.333333,8.621678,4.977728,0.95,4.302653,21.417436,258.915898,301.750769,271.0,288.0
AdamW,adamw,AdamW,fc2,26,ERG_gap,3,280.333333,8.621678,4.977728,0.95,4.302653,21.417436,258.915898,301.750769,271.0,288.0
AdamW,adamw,AdamW,fc2,27,ERG_gap,3,280.333333,8.621678,4.977728,0.95,4.302653,21.417436,258.915898,301.750769,271.0,288.0
AdamW,adamw,AdamW,fc2,28,ERG_gap,3,280.333333,8.621678,4.977728,0.95,4.302653,21.417436,258.915898,301.750769,271.0,288.0
AdamW,adamw,AdamW,fc2,29,ERG_gap,3,280.333333,8.621678,4.977728,0.95,4.302653,21.417436,258.915898,301.750769,271.0,288.0
AdamW,adamw,AdamW,fc2,30,ERG_gap,3,280.333333,8.621678,4.977728,0.95,4.302653,21.417436,258.915898,301.750769,271.0,288.0
AdamW,adamw,AdamW,fc3,0,ERG_gap,3,2.0,0.0,0.0,0.95,4.302653,0.0,2.0,2.0,2.0,2.0
AdamW,adamw,AdamW,fc3,1,ERG_gap,3,1.333333,0.57735,0.333333,0.95,4.302653,1.434218,-0.100884,2.767551,1.0,2.0
AdamW,adamw,AdamW,fc3,2,ERG_gap,3,1.666667,0.57735,0.333333,0.95,4.302653,1.434218,0.232449,3.100884,1.0,2.0
AdamW,adamw,AdamW,fc3,3,ERG_gap,3,1.666667,0.57735,0.333333,0.95,4.302653,1.434218,0.232449,3.100884,1.0,2.0
AdamW,adamw,AdamW,fc3,4,ERG_gap,3,1.666667,0.57735,0.333333,0.95,4.302653,1.434218,0.232449,3.100884,1.0,2.0
AdamW,adamw,AdamW,fc3,5,ERG_gap,3,1.666667,0.57735,0.333333,0.95,4.302653,1.434218,0.232449,3.100884,1.0,2.0
AdamW,adamw,AdamW,fc3,6,ERG_gap,3,1.666667,0.57735,0.333333,0.95,4.302653,1.434218,0.232449,3.100884,1.0,2.0
AdamW,adamw,AdamW,fc3,7,ERG_gap,3,1.666667,0.57735,0.333333,0.95,4.302653,1.434218,0.232449,3.100884,1.0,2.0
AdamW,adamw,AdamW,fc3,8,ERG_gap,3,1.333333,0.57735,0.333333,0.95,4.302653,1.434218,-0.100884,2.767551,1.0,2.0
AdamW,adamw,AdamW,fc3,9,ERG_gap,3,1.666667,0.57735,0.333333,0.95,4.302653,1.434218,0.232449,3.100884,1.0,2.0
AdamW,adamw,AdamW,fc3,10,ERG_gap,3,1.666667,0.57735,0.333333,0.95,4.302653,1.434218,0.232449,3.100884,1.0,2.0
AdamW,adamw,AdamW,fc3,11,ERG_gap,3,1.666667,0.57735,0.333333,0.95,4.302653,1.434218,0.232449,3.100884,1.0,2.0
AdamW,adamw,AdamW,fc3,12,ERG_gap,3,2.0,0.0,0.0,0.95,4.302653,0.0,2.0,2.0,2.0,2.0
AdamW,adamw,AdamW,fc3,13,ERG_gap,3,1.666667,0.57735,0.333333,0.95,4.302653,1.434218,0.232449,3.100884,1.0,2.0
AdamW,adamw,AdamW,fc3,14,ERG_gap,3,1.666667,0.57735,0.333333,0.95,4.302653,1.434218,0.232449,3.100884,1.0,2.0
AdamW,adamw,AdamW,fc3,15,ERG_gap,3,1.666667,0.57735,0.333333,0.95,4.302653,1.434218,0.232449,3.100884,1.0,2.0
AdamW,adamw,AdamW,fc3,16,ERG_gap,3,1.666667,0.57735,0.333333,0.95,4.302653,1.434218,0.232449,3.100884,1.0,2.0
AdamW,adamw,AdamW,fc3,17,ERG_gap,3,1.666667,0.57735,0.333333,0.95,4.302653,1.434218,0.232449,3.100884,1.0,2.0
AdamW,adamw,AdamW,fc3,18,ERG_gap,3,1.666667,0.57735,0.333333,0.95,4.302653,1.434218,0.232449,3.100884,1.0,2.0
AdamW,adamw,AdamW,fc3,19,ERG_gap,3,1.666667,0.57735,0.333333,0.95,4.302653,1.434218,0.232449,3.100884,1.0,2.0
AdamW,adamw,AdamW,fc3,20,ERG_gap,3,1.666667,0.57735,0.333333,0.95,4.302653,1.434218,0.232449,3.100884,1.0,2.0
AdamW,adamw,AdamW,fc3,21,ERG_gap,3,1.666667,0.57735,0.333333,0.95,4.302653,1.434218,0.232449,3.100884,1.0,2.0
AdamW,adamw,AdamW,fc3,22,ERG_gap,3,1.666667,0.57735,0.333333,0.95,4.302653,1.434218,0.232449,3.100884,1.0,2.0
AdamW,adamw,AdamW,fc3,23,ERG_gap,3,1.666667,0.57735,0.333333,0.95,4.302653,1.434218,0.232449,3.100884,1.0,2.0
AdamW,adamw,AdamW,fc3,24,ERG_gap,3,1.666667,0.57735,0.333333,0.95,4.302653,1.434218,0.232449,3.100884,1.0,2.0
AdamW,adamw,AdamW,fc3,25,ERG_gap,3,1.666667,0.57735,0.333333,0.95,4.302653,1.434218,0.232449,3.100884,1.0,2.0
AdamW,adamw,AdamW,fc3,26,ERG_gap,3,1.666667,0.57735,0.333333,0.95,4.302653,1.434218,0.232449,3.100884,1.0,2.0
AdamW,adamw,AdamW,fc3,27,ERG_gap,3,1.666667,0.57735,0.333333,0.95,4.302653,1.434218,0.232449,3.100884,1.0,2.0
AdamW,adamw,AdamW,fc3,28,ERG_gap,3,1.666667,0.57735,0.333333,0.95,4.302653,1.434218,0.232449,3.100884,1.0,2.0
AdamW,adamw,AdamW,fc3,29,ERG_gap,3,1.666667,0.57735,0.333333,0.95,4.302653,1.434218,0.232449,3.100884,1.0,2.0
AdamW,adamw,AdamW,fc3,30,ERG_gap,3,1.666667,0.57735,0.333333,0.95,4.302653,1.434218,0.232449,3.100884,1.0,2.0
AdamW,adamw,AdamW,fc1,0,alpha,3,11.646882,7.859929,4.537932,0.95,4.302653,19.525145,-7.878264,31.172027,6.148255,20.649379
AdamW,adamw,AdamW,fc1,1,alpha,3,12.469901,4.777011,2.758009,0.95,4.302653,11.866753,0.603148,24.336655,7.077813,16.172856
AdamW,adamw,AdamW,fc1,2,alpha,3,10.035372,1.279632,0.738796,0.95,4.302653,3.178783,6.856589,13.214155,8.89997,11.421978
AdamW,adamw,AdamW,fc1,3,alpha,3,6.943644,0.219012,0.126447,0.95,4.302653,0.544055,6.399588,7.487699,6.724357,7.16238
AdamW,adamw,AdamW,fc1,4,alpha,3,5.62358,0.176346,0.101813,0.95,4.302653,0.438067,5.185514,6.061647,5.419954,5.725561
AdamW,adamw,AdamW,fc1,5,alpha,3,5.034246,0.154161,0.089005,0.95,4.302653,0.382958,4.651288,5.417204,4.857155,5.138436
AdamW,adamw,AdamW,fc1,6,alpha,3,4.602726,0.099379,0.057377,0.95,4.302653,0.246872,4.355854,4.849598,4.49112,4.681643
AdamW,adamw,AdamW,fc1,7,alpha,3,4.368039,0.100441,0.05799,0.95,4.302653,0.24951,4.118529,4.617549,4.253701,4.442048
AdamW,adamw,AdamW,fc1,8,alpha,3,4.170075,0.031339,0.018094,0.95,4.302653,0.077851,4.092224,4.247927,4.136887,4.199162
AdamW,adamw,AdamW,fc1,9,alpha,3,3.98734,0.027727,0.016008,0.95,4.302653,0.068878,3.918461,4.056218,3.970353,4.019336
AdamW,adamw,AdamW,fc1,10,alpha,3,3.830536,0.004621,0.002668,0.95,4.302653,0.011478,3.819058,3.842014,3.825229,3.833664
AdamW,adamw,AdamW,fc1,11,alpha,3,3.748417,0.047375,0.027352,0.95,4.302653,0.117687,3.63073,3.866104,3.704041,3.798309
AdamW,adamw,AdamW,fc1,12,alpha,3,3.681234,0.081233,0.0469,0.95,4.302653,0.201795,3.47944,3.883029,3.617569,3.772723
AdamW,adamw,AdamW,fc1,13,alpha,3,3.627229,0.105718,0.061036,0.95,4.302653,0.262617,3.364611,3.889846,3.564461,3.749284
AdamW,adamw,AdamW,fc1,14,alpha,3,3.531278,0.024026,0.013871,0.95,4.302653,0.059684,3.471595,3.590962,3.505512,3.553067
AdamW,adamw,AdamW,fc1,15,alpha,3,3.505469,0.038804,0.022404,0.95,4.302653,0.096395,3.409074,3.601865,3.466273,3.543869
AdamW,adamw,AdamW,fc1,16,alpha,3,3.495297,0.044468,0.025674,0.95,4.302653,0.110465,3.384832,3.605761,3.466818,3.546538
AdamW,adamw,AdamW,fc1,17,alpha,3,3.484862,0.054179,0.03128,0.95,4.302653,0.134587,3.350275,3.619449,3.444828,3.546512
AdamW,adamw,AdamW,fc1,18,alpha,3,3.481792,0.056806,0.032797,0.95,4.302653,0.141114,3.340677,3.622906,3.437882,3.545947
AdamW,adamw,AdamW,fc1,19,alpha,3,3.491994,0.04647,0.02683,0.95,4.302653,0.115439,3.376555,3.607433,3.459488,3.545221
AdamW,adamw,AdamW,fc1,20,alpha,3,3.485904,0.038214,0.022063,0.95,4.302653,0.09493,3.390974,3.580834,3.457694,3.529394
AdamW,adamw,AdamW,fc1,21,alpha,3,3.484321,0.03779,0.021818,0.95,4.302653,0.093876,3.390444,3.578197,3.455766,3.527174
AdamW,adamw,AdamW,fc1,22,alpha,3,3.482931,0.037486,0.021643,0.95,4.302653,0.09312,3.389811,3.576051,3.454235,3.525343
AdamW,adamw,AdamW,fc1,23,alpha,3,3.481579,0.037249,0.021506,0.95,4.302653,0.092532,3.389046,3.574111,3.452724,3.52363
AdamW,adamw,AdamW,fc1,24,alpha,3,3.480327,0.037022,0.021375,0.95,4.302653,0.091969,3.388358,3.572296,3.451372,3.522041
AdamW,adamw,AdamW,fc1,25,alpha,3,3.479299,0.036773,0.021231,0.95,4.302653,0.091349,3.38795,3.570648,3.45034,3.520672
AdamW,adamw,AdamW,fc1,26,alpha,3,3.467306,0.045956,0.026533,0.95,4.302653,0.114162,3.353144,3.581468,3.433048,3.519532
AdamW,adamw,AdamW,fc1,27,alpha,3,3.4778,0.036506,0.021077,0.95,4.302653,0.090687,3.387113,3.568487,3.448682,3.518756
AdamW,adamw,AdamW,fc1,28,alpha,3,3.466271,0.045692,0.02638,0.95,4.302653,0.113505,3.352766,3.579775,3.432356,3.518229
AdamW,adamw,AdamW,fc1,29,alpha,3,3.466064,0.045638,0.026349,0.95,4.302653,0.113371,3.352693,3.579435,3.432227,3.51797
AdamW,adamw,AdamW,fc1,30,alpha,3,3.465982,0.045622,0.02634,0.95,4.302653,0.113333,3.352649,3.579314,3.432164,3.517872
AdamW,adamw,AdamW,fc2,0,alpha,3,11.078705,4.342865,2.507354,0.95,4.302653,10.788274,0.290431,21.86698,6.52113,15.169082
AdamW,adamw,AdamW,fc2,1,alpha,3,9.466851,2.210792,1.276401,0.95,4.302653,5.491911,3.974941,14.958762,7.95521,12.00419
AdamW,adamw,AdamW,fc2,2,alpha,3,9.581815,2.005394,1.157815,0.95,4.302653,4.981674,4.600141,14.563489,8.250306,11.888276
AdamW,adamw,AdamW,fc2,3,alpha,3,7.188437,0.554765,0.320294,0.95,4.302653,1.378112,5.810325,8.56655,6.549087,7.54257
AdamW,adamw,AdamW,fc2,4,alpha,3,5.936674,0.392567,0.226649,0.95,4.302653,0.97519,4.961484,6.911864,5.573778,6.353363
AdamW,adamw,AdamW,fc2,5,alpha,3,5.063125,0.024078,0.013901,0.95,4.302653,0.059813,5.003313,5.122938,5.040441,5.088389
AdamW,adamw,AdamW,fc2,6,alpha,3,4.579474,0.055089,0.031806,0.95,4.302653,0.136848,4.442626,4.716322,4.516588,4.619213
AdamW,adamw,AdamW,fc2,7,alpha,3,4.333862,0.047633,0.027501,0.95,4.302653,0.118328,4.215534,4.452189,4.288678,4.383616
AdamW,adamw,AdamW,fc2,8,alpha,3,4.116463,0.074688,0.043121,0.95,4.302653,0.185536,3.930927,4.301999,4.060898,4.201366
AdamW,adamw,AdamW,fc2,9,alpha,3,3.961915,0.066251,0.03825,0.95,4.302653,0.164575,3.79734,4.12649,3.921142,4.038358
AdamW,adamw,AdamW,fc2,10,alpha,3,3.812837,0.028051,0.016195,0.95,4.302653,0.069683,3.743153,3.88252,3.788125,3.843327
AdamW,adamw,AdamW,fc2,11,alpha,3,3.709434,0.05806,0.033521,0.95,4.302653,0.144229,3.565206,3.853663,3.650421,3.766491
AdamW,adamw,AdamW,fc2,12,alpha,3,3.647811,0.018526,0.010696,0.95,4.302653,0.046022,3.601789,3.693832,3.627868,3.664487
AdamW,adamw,AdamW,fc2,13,alpha,3,3.616505,0.008901,0.005139,0.95,4.302653,0.022111,3.594394,3.638615,3.607772,3.625565
AdamW,adamw,AdamW,fc2,14,alpha,3,3.560207,0.068697,0.039662,0.95,4.302653,0.170653,3.389554,3.730859,3.497609,3.6337
AdamW,adamw,AdamW,fc2,15,alpha,3,3.52477,0.094467,0.054541,0.95,4.302653,0.23467,3.2901,3.75944,3.431657,3.620536
AdamW,adamw,AdamW,fc2,16,alpha,3,3.508777,0.102072,0.058931,0.95,4.302653,0.253561,3.255217,3.762338,3.408534,3.612585
AdamW,adamw,AdamW,fc2,17,alpha,3,3.504415,0.102077,0.058934,0.95,4.302653,0.253573,3.250842,3.757988,3.403433,3.607553
AdamW,adamw,AdamW,fc2,18,alpha,3,3.499711,0.102104,0.05895,0.95,4.302653,0.253642,3.246069,3.753352,3.398397,3.602588
AdamW,adamw,AdamW,fc2,19,alpha,3,3.495793,0.101166,0.058408,0.95,4.302653,0.251311,3.244482,3.747104,3.394878,3.597209
AdamW,adamw,AdamW,fc2,20,alpha,3,3.475996,0.076832,0.044359,0.95,4.302653,0.190861,3.285136,3.666857,3.392367,3.543457
AdamW,adamw,AdamW,fc2,21,alpha,3,3.472667,0.076576,0.044211,0.95,4.302653,0.190225,3.282442,3.662892,3.389283,3.539837
AdamW,adamw,AdamW,fc2,22,alpha,3,3.465305,0.075338,0.043496,0.95,4.302653,0.187149,3.278156,3.652454,3.386439,3.536532
AdamW,adamw,AdamW,fc2,23,alpha,3,3.46251,0.075014,0.043309,0.95,4.302653,0.186346,3.276164,3.648855,3.384006,3.533463
AdamW,adamw,AdamW,fc2,24,alpha,3,3.459854,0.074605,0.043073,0.95,4.302653,0.185329,3.274526,3.645183,3.381964,3.53067
AdamW,adamw,AdamW,fc2,25,alpha,3,3.457785,0.074413,0.042962,0.95,4.302653,0.184852,3.272933,3.642637,3.380137,3.528474
AdamW,adamw,AdamW,fc2,26,alpha,3,3.45608,0.074167,0.04282,0.95,4.302653,0.184241,3.271839,3.640322,3.378787,3.526665
AdamW,adamw,AdamW,fc2,27,alpha,3,3.454755,0.073942,0.042691,0.95,4.302653,0.183683,3.271072,3.638438,3.37779,3.52525
AdamW,adamw,AdamW,fc2,28,alpha,3,3.453923,0.073791,0.042603,0.95,4.302653,0.183307,3.270616,3.637229,3.377158,3.524328
AdamW,adamw,AdamW,fc2,29,alpha,3,3.453498,0.07373,0.042568,0.95,4.302653,0.183156,3.270342,3.636655,3.376821,3.523878
AdamW,adamw,AdamW,fc2,30,alpha,3,3.453314,0.073689,0.042544,0.95,4.302653,0.183053,3.270262,3.636367,3.376689,3.523665
AdamW,adamw,AdamW,fc3,0,alpha,3,7.368381,0.581824,0.335916,0.95,4.302653,1.44533,5.923051,8.813712,6.700321,7.763975
AdamW,adamw,AdamW,fc3,1,alpha,3,6.673437,0.162454,0.093793,0.95,4.302653,0.403557,6.26988,7.076995,6.521634,6.844775
AdamW,adamw,AdamW,fc3,2,alpha,3,6.444828,0.337765,0.195009,0.95,4.302653,0.839054,5.605774,7.283882,6.205337,6.831159
AdamW,adamw,AdamW,fc3,3,alpha,3,5.961089,0.319985,0.184744,0.95,4.302653,0.794888,5.166201,6.755977,5.641326,6.281296
AdamW,adamw,AdamW,fc3,4,alpha,3,5.47154,0.424286,0.244962,0.95,4.302653,1.053985,4.417555,6.525525,5.154992,5.953645
AdamW,adamw,AdamW,fc3,5,alpha,3,5.130491,0.345249,0.19933,0.95,4.302653,0.857646,4.272845,5.988137,4.744085,5.408632
AdamW,adamw,AdamW,fc3,6,alpha,3,4.94855,0.584275,0.337331,0.95,4.302653,1.451418,3.497132,6.399969,4.35358,5.521506
AdamW,adamw,AdamW,fc3,7,alpha,3,4.827884,0.586147,0.338412,0.95,4.302653,1.456071,3.371813,6.283955,4.157442,5.243413
AdamW,adamw,AdamW,fc3,8,alpha,3,4.583077,0.617815,0.356695,0.95,4.302653,1.534737,3.04834,6.117814,4.031814,5.250852
AdamW,adamw,AdamW,fc3,9,alpha,3,4.781909,0.353315,0.203986,0.95,4.302653,0.877683,3.904226,5.659591,4.374111,4.996174
AdamW,adamw,AdamW,fc3,10,alpha,3,4.663733,0.324464,0.18733,0.95,4.302653,0.806014,3.857718,5.469747,4.319111,4.963339
AdamW,adamw,AdamW,fc3,11,alpha,3,4.656176,0.345197,0.199299,0.95,4.302653,0.857516,3.798661,5.513692,4.270677,4.936696
AdamW,adamw,AdamW,fc3,12,alpha,3,5.053852,0.224602,0.129674,0.95,4.302653,0.557941,4.495911,5.611793,4.806281,5.24455
AdamW,adamw,AdamW,fc3,13,alpha,3,4.648499,0.363168,0.209675,0.95,4.302653,0.90216,3.74634,5.550659,4.302687,5.026835
AdamW,adamw,AdamW,fc3,14,alpha,3,4.582509,0.385645,0.222652,0.95,4.302653,0.957994,3.624515,5.540503,4.261885,5.010444
AdamW,adamw,AdamW,fc3,15,alpha,3,4.577334,0.440516,0.254332,0.95,4.302653,1.094303,3.483031,5.671636,4.261725,5.080605
AdamW,adamw,AdamW,fc3,16,alpha,3,4.585254,0.459625,0.265365,0.95,4.302653,1.141771,3.443482,5.727025,4.254926,5.110164
AdamW,adamw,AdamW,fc3,17,alpha,3,4.601297,0.457024,0.263863,0.95,4.302653,1.135312,3.465985,5.736608,4.263415,5.121305
AdamW,adamw,AdamW,fc3,18,alpha,3,4.617594,0.458403,0.264659,0.95,4.302653,1.138737,3.478857,5.756331,4.269242,5.13691
AdamW,adamw,AdamW,fc3,19,alpha,3,4.632773,0.457999,0.264426,0.95,4.302653,1.137732,3.495042,5.770505,4.27942,5.150212
AdamW,adamw,AdamW,fc3,20,alpha,3,4.645096,0.456592,0.263614,0.95,4.302653,1.134238,3.510858,5.779333,4.28701,5.159262
AdamW,adamw,AdamW,fc3,21,alpha,3,4.658549,0.456637,0.263639,0.95,4.302653,1.134349,3.5242,5.792898,4.296197,5.171452
AdamW,adamw,AdamW,fc3,22,alpha,3,4.671448,0.458091,0.264479,0.95,4.302653,1.137962,3.533486,5.80941,4.302795,5.184285
AdamW,adamw,AdamW,fc3,23,alpha,3,4.683067,0.457834,0.26433,0.95,4.302653,1.137322,3.545745,5.820389,4.309336,5.193747
AdamW,adamw,AdamW,fc3,24,alpha,3,4.692228,0.457046,0.263875,0.95,4.302653,1.135364,3.556864,5.827593,4.315359,5.200613
AdamW,adamw,AdamW,fc3,25,alpha,3,4.701057,0.458957,0.264979,0.95,4.302653,1.140112,3.560945,5.841169,4.320164,5.210615
AdamW,adamw,AdamW,fc3,26,alpha,3,4.707405,0.458951,0.264975,0.95,4.302653,1.140097,3.567308,5.847502,4.324209,5.21603
AdamW,adamw,AdamW,fc3,27,alpha,3,4.71245,0.459617,0.26536,0.95,4.302653,1.141752,3.570698,5.854202,4.326393,5.220864
AdamW,adamw,AdamW,fc3,28,alpha,3,4.715002,0.459012,0.265011,0.95,4.302653,1.140249,3.574752,5.855251,4.328288,5.222256
AdamW,adamw,AdamW,fc3,29,alpha,3,4.716482,0.45927,0.26516,0.95,4.302653,1.140891,3.575591,5.857372,4.328898,5.223744
AdamW,adamw,AdamW,fc3,30,alpha,3,4.717057,0.459338,0.265199,0.95,4.302653,1.141058,3.575999,5.858115,4.329283,5.224336
AdamW,adamw,AdamW,fc1,0,m_midpoint,3,224.0,14.106736,8.144528,0.95,4.302653,35.043075,188.956925,259.043075,209.0,237.0
AdamW,adamw,AdamW,fc1,1,m_midpoint,3,218.0,10.392305,6.0,0.95,4.302653,25.815916,192.184084,243.815916,212.0,230.0
AdamW,adamw,AdamW,fc1,2,m_midpoint,3,214.333333,3.785939,2.185813,0.95,4.302653,9.404794,204.92854,223.738127,210.0,217.0
AdamW,adamw,AdamW,fc1,3,m_midpoint,3,216.666667,2.081666,1.20185,0.95,4.302653,5.171145,211.495522,221.837812,215.0,219.0
AdamW,adamw,AdamW,fc1,4,m_midpoint,3,220.666667,1.527525,0.881917,0.95,4.302653,3.794583,216.872084,224.46125,219.0,222.0
AdamW,adamw,AdamW,fc1,5,m_midpoint,3,223.666667,2.081666,1.20185,0.95,4.302653,5.171145,218.495522,228.837812,222.0,226.0
AdamW,adamw,AdamW,fc1,6,m_midpoint,3,226.666667,2.081666,1.20185,0.95,4.302653,5.171145,221.495522,231.837812,225.0,229.0
AdamW,adamw,AdamW,fc1,7,m_midpoint,3,227.0,3.464102,2.0,0.95,4.302653,8.605305,218.394695,235.605305,225.0,231.0
AdamW,adamw,AdamW,fc1,8,m_midpoint,3,228.0,1.732051,1.0,0.95,4.302653,4.302653,223.697347,232.302653,227.0,230.0
AdamW,adamw,AdamW,fc1,9,m_midpoint,3,229.666667,1.154701,0.666667,0.95,4.302653,2.868435,226.798232,232.535102,229.0,231.0
AdamW,adamw,AdamW,fc1,10,m_midpoint,3,231.0,2.645751,1.527525,0.95,4.302653,6.572411,224.427589,237.572411,229.0,234.0
AdamW,adamw,AdamW,fc1,11,m_midpoint,3,231.0,4.358899,2.516611,0.95,4.302653,10.828105,220.171895,241.828105,226.0,234.0
AdamW,adamw,AdamW,fc1,12,m_midpoint,3,232.333333,4.725816,2.728451,0.95,4.302653,11.739577,220.593757,244.07291,227.0,236.0
AdamW,adamw,AdamW,fc1,13,m_midpoint,3,232.666667,5.131601,2.962731,0.95,4.302653,12.747605,219.919062,245.414271,227.0,237.0
AdamW,adamw,AdamW,fc1,14,m_midpoint,3,234.333333,1.527525,0.881917,0.95,4.302653,3.794583,230.53875,238.127916,233.0,236.0
AdamW,adamw,AdamW,fc1,15,m_midpoint,3,234.666667,1.527525,0.881917,0.95,4.302653,3.794583,230.872084,238.46125,233.0,236.0
AdamW,adamw,AdamW,fc1,16,m_midpoint,3,235.0,1.0,0.57735,0.95,4.302653,2.484138,232.515862,237.484138,234.0,236.0
AdamW,adamw,AdamW,fc1,17,m_midpoint,3,235.666667,0.57735,0.333333,0.95,4.302653,1.434218,234.232449,237.100884,235.0,236.0
AdamW,adamw,AdamW,fc1,18,m_midpoint,3,235.666667,0.57735,0.333333,0.95,4.302653,1.434218,234.232449,237.100884,235.0,236.0
AdamW,adamw,AdamW,fc1,19,m_midpoint,3,235.0,1.0,0.57735,0.95,4.302653,2.484138,232.515862,237.484138,234.0,236.0
AdamW,adamw,AdamW,fc1,20,m_midpoint,3,235.333333,1.154701,0.666667,0.95,4.302653,2.868435,232.464898,238.201768,234.0,236.0
AdamW,adamw,AdamW,fc1,21,m_midpoint,3,235.333333,1.154701,0.666667,0.95,4.302653,2.868435,232.464898,238.201768,234.0,236.0
AdamW,adamw,AdamW,fc1,22,m_midpoint,3,235.333333,1.154701,0.666667,0.95,4.302653,2.868435,232.464898,238.201768,234.0,236.0
AdamW,adamw,AdamW,fc1,23,m_midpoint,3,235.333333,1.154701,0.666667,0.95,4.302653,2.868435,232.464898,238.201768,234.0,236.0
AdamW,adamw,AdamW,fc1,24,m_midpoint,3,235.333333,1.154701,0.666667,0.95,4.302653,2.868435,232.464898,238.201768,234.0,236.0
AdamW,adamw,AdamW,fc1,25,m_midpoint,3,235.333333,1.154701,0.666667,0.95,4.302653,2.868435,232.464898,238.201768,234.0,236.0
AdamW,adamw,AdamW,fc1,26,m_midpoint,3,235.666667,0.57735,0.333333,0.95,4.302653,1.434218,234.232449,237.100884,235.0,236.0
AdamW,adamw,AdamW,fc1,27,m_midpoint,3,235.333333,1.154701,0.666667,0.95,4.302653,2.868435,232.464898,238.201768,234.0,236.0
AdamW,adamw,AdamW,fc1,28,m_midpoint,3,235.666667,0.57735,0.333333,0.95,4.302653,1.434218,234.232449,237.100884,235.0,236.0
AdamW,adamw,AdamW,fc1,29,m_midpoint,3,235.666667,0.57735,0.333333,0.95,4.302653,1.434218,234.232449,237.100884,235.0,236.0
AdamW,adamw,AdamW,fc1,30,m_midpoint,3,235.666667,0.57735,0.333333,0.95,4.302653,1.434218,234.232449,237.100884,235.0,236.0
AdamW,adamw,AdamW,fc2,0,m_midpoint,3,203.0,8.888194,5.131601,0.95,4.302653,22.079499,180.920501,225.079499,196.0,213.0
AdamW,adamw,AdamW,fc2,1,m_midpoint,3,204.0,6.244998,3.605551,0.95,4.302653,15.513435,188.486565,219.513435,197.0,209.0
AdamW,adamw,AdamW,fc2,2,m_midpoint,3,200.0,3.464102,2.0,0.95,4.302653,8.605305,191.394695,208.605305,196.0,202.0
AdamW,adamw,AdamW,fc2,3,m_midpoint,3,199.0,2.0,1.154701,0.95,4.302653,4.968275,194.031725,203.968275,197.0,201.0
AdamW,adamw,AdamW,fc2,4,m_midpoint,3,199.666667,2.309401,1.333333,0.95,4.302653,5.73687,193.929796,205.403537,197.0,201.0
AdamW,adamw,AdamW,fc2,5,m_midpoint,3,203.333333,1.527525,0.881917,0.95,4.302653,3.794583,199.53875,207.127916,202.0,205.0
AdamW,adamw,AdamW,fc2,6,m_midpoint,3,209.0,1.0,0.57735,0.95,4.302653,2.484138,206.515862,211.484138,208.0,210.0
AdamW,adamw,AdamW,fc2,7,m_midpoint,3,210.333333,1.154701,0.666667,0.95,4.302653,2.868435,207.464898,213.201768,209.0,211.0
AdamW,adamw,AdamW,fc2,8,m_midpoint,3,210.666667,1.527525,0.881917,0.95,4.302653,3.794583,206.872084,214.46125,209.0,212.0
AdamW,adamw,AdamW,fc2,9,m_midpoint,3,210.666667,0.57735,0.333333,0.95,4.302653,1.434218,209.232449,212.100884,210.0,211.0
AdamW,adamw,AdamW,fc2,10,m_midpoint,3,211.0,1.0,0.57735,0.95,4.302653,2.484138,208.515862,213.484138,210.0,212.0
AdamW,adamw,AdamW,fc2,11,m_midpoint,3,211.666667,3.785939,2.185813,0.95,4.302653,9.404794,202.261873,221.07146,209.0,216.0
AdamW,adamw,AdamW,fc2,12,m_midpoint,3,212.666667,3.05505,1.763834,0.95,4.302653,7.589166,205.077501,220.255833,210.0,216.0
AdamW,adamw,AdamW,fc2,13,m_midpoint,3,212.333333,2.081666,1.20185,0.95,4.302653,5.171145,207.162188,217.504478,210.0,214.0
AdamW,adamw,AdamW,fc2,14,m_midpoint,3,213.333333,4.041452,2.333333,0.95,4.302653,10.039523,203.29381,223.372856,209.0,217.0
AdamW,adamw,AdamW,fc2,15,m_midpoint,3,214.0,5.0,2.886751,0.95,4.302653,12.420689,201.579311,226.420689,209.0,219.0
AdamW,adamw,AdamW,fc2,16,m_midpoint,3,213.666667,4.50925,2.603417,0.95,4.302653,11.201597,202.465069,224.868264,209.0,218.0
AdamW,adamw,AdamW,fc2,17,m_midpoint,3,213.333333,4.50925,2.603417,0.95,4.302653,11.201597,202.131736,224.534931,209.0,218.0
AdamW,adamw,AdamW,fc2,18,m_midpoint,3,213.333333,4.50925,2.603417,0.95,4.302653,11.201597,202.131736,224.534931,209.0,218.0
AdamW,adamw,AdamW,fc2,19,m_midpoint,3,213.0,4.0,2.309401,0.95,4.302653,9.936551,203.063449,222.936551,209.0,217.0
AdamW,adamw,AdamW,fc2,20,m_midpoint,3,213.666667,3.05505,1.763834,0.95,4.302653,7.589166,206.077501,221.255833,211.0,217.0
AdamW,adamw,AdamW,fc2,21,m_midpoint,3,213.666667,3.05505,1.763834,0.95,4.302653,7.589166,206.077501,221.255833,211.0,217.0
AdamW,adamw,AdamW,fc2,22,m_midpoint,3,213.666667,3.05505,1.763834,0.95,4.302653,7.589166,206.077501,221.255833,211.0,217.0
AdamW,adamw,AdamW,fc2,23,m_midpoint,3,213.666667,3.05505,1.763834,0.95,4.302653,7.589166,206.077501,221.255833,211.0,217.0
AdamW,adamw,AdamW,fc2,24,m_midpoint,3,213.666667,3.05505,1.763834,0.95,4.302653,7.589166,206.077501,221.255833,211.0,217.0
AdamW,adamw,AdamW,fc2,25,m_midpoint,3,213.666667,3.05505,1.763834,0.95,4.302653,7.589166,206.077501,221.255833,211.0,217.0
AdamW,adamw,AdamW,fc2,26,m_midpoint,3,213.666667,3.05505,1.763834,0.95,4.302653,7.589166,206.077501,221.255833,211.0,217.0
AdamW,adamw,AdamW,fc2,27,m_midpoint,3,213.666667,3.05505,1.763834,0.95,4.302653,7.589166,206.077501,221.255833,211.0,217.0
AdamW,adamw,AdamW,fc2,28,m_midpoint,3,213.666667,3.05505,1.763834,0.95,4.302653,7.589166,206.077501,221.255833,211.0,217.0
AdamW,adamw,AdamW,fc2,29,m_midpoint,3,213.666667,3.05505,1.763834,0.95,4.302653,7.589166,206.077501,221.255833,211.0,217.0
AdamW,adamw,AdamW,fc2,30,m_midpoint,3,213.666667,3.05505,1.763834,0.95,4.302653,7.589166,206.077501,221.255833,211.0,217.0
AdamW,adamw,AdamW,fc3,0,m_midpoint,3,9.0,0.0,0.0,0.95,4.302653,0.0,9.0,9.0,9.0,9.0
AdamW,adamw,AdamW,fc3,1,m_midpoint,3,9.0,0.0,0.0,0.95,4.302653,0.0,9.0,9.0,9.0,9.0
AdamW,adamw,AdamW,fc3,2,m_midpoint,3,9.0,0.0,0.0,0.95,4.302653,0.0,9.0,9.0,9.0,9.0
AdamW,adamw,AdamW,fc3,3,m_midpoint,3,9.0,0.0,0.0,0.95,4.302653,0.0,9.0,9.0,9.0,9.0
AdamW,adamw,AdamW,fc3,4,m_midpoint,3,9.0,0.0,0.0,0.95,4.302653,0.0,9.0,9.0,9.0,9.0
AdamW,adamw,AdamW,fc3,5,m_midpoint,3,9.0,0.0,0.0,0.95,4.302653,0.0,9.0,9.0,9.0,9.0
AdamW,adamw,AdamW,fc3,6,m_midpoint,3,9.0,0.0,0.0,0.95,4.302653,0.0,9.0,9.0,9.0,9.0
AdamW,adamw,AdamW,fc3,7,m_midpoint,3,9.0,0.0,0.0,0.95,4.302653,0.0,9.0,9.0,9.0,9.0
AdamW,adamw,AdamW,fc3,8,m_midpoint,3,9.0,0.0,0.0,0.95,4.302653,0.0,9.0,9.0,9.0,9.0
AdamW,adamw,AdamW,fc3,9,m_midpoint,3,9.0,0.0,0.0,0.95,4.302653,0.0,9.0,9.0,9.0,9.0
AdamW,adamw,AdamW,fc3,10,m_midpoint,3,9.0,0.0,0.0,0.95,4.302653,0.0,9.0,9.0,9.0,9.0
AdamW,adamw,AdamW,fc3,11,m_midpoint,3,9.0,0.0,0.0,0.95,4.302653,0.0,9.0,9.0,9.0,9.0
AdamW,adamw,AdamW,fc3,12,m_midpoint,3,9.0,0.0,0.0,0.95,4.302653,0.0,9.0,9.0,9.0,9.0
AdamW,adamw,AdamW,fc3,13,m_midpoint,3,9.0,0.0,0.0,0.95,4.302653,0.0,9.0,9.0,9.0,9.0
AdamW,adamw,AdamW,fc3,14,m_midpoint,3,9.0,0.0,0.0,0.95,4.302653,0.0,9.0,9.0,9.0,9.0
AdamW,adamw,AdamW,fc3,15,m_midpoint,3,9.0,0.0,0.0,0.95,4.302653,0.0,9.0,9.0,9.0,9.0
AdamW,adamw,AdamW,fc3,16,m_midpoint,3,9.0,0.0,0.0,0.95,4.302653,0.0,9.0,9.0,9.0,9.0
AdamW,adamw,AdamW,fc3,17,m_midpoint,3,9.0,0.0,0.0,0.95,4.302653,0.0,9.0,9.0,9.0,9.0
AdamW,adamw,AdamW,fc3,18,m_midpoint,3,9.0,0.0,0.0,0.95,4.302653,0.0,9.0,9.0,9.0,9.0
AdamW,adamw,AdamW,fc3,19,m_midpoint,3,9.0,0.0,0.0,0.95,4.302653,0.0,9.0,9.0,9.0,9.0
AdamW,adamw,AdamW,fc3,20,m_midpoint,3,9.0,0.0,0.0,0.95,4.302653,0.0,9.0,9.0,9.0,9.0
AdamW,adamw,AdamW,fc3,21,m_midpoint,3,9.0,0.0,0.0,0.95,4.302653,0.0,9.0,9.0,9.0,9.0
AdamW,adamw,AdamW,fc3,22,m_midpoint,3,9.0,0.0,0.0,0.95,4.302653,0.0,9.0,9.0,9.0,9.0
AdamW,adamw,AdamW,fc3,23,m_midpoint,3,9.0,0.0,0.0,0.95,4.302653,0.0,9.0,9.0,9.0,9.0
AdamW,adamw,AdamW,fc3,24,m_midpoint,3,9.0,0.0,0.0,0.95,4.302653,0.0,9.0,9.0,9.0,9.0
AdamW,adamw,AdamW,fc3,25,m_midpoint,3,9.0,0.0,0.0,0.95,4.302653,0.0,9.0,9.0,9.0,9.0
AdamW,adamw,AdamW,fc3,26,m_midpoint,3,9.0,0.0,0.0,0.95,4.302653,0.0,9.0,9.0,9.0,9.0
AdamW,adamw,AdamW,fc3,27,m_midpoint,3,9.0,0.0,0.0,0.95,4.302653,0.0,9.0,9.0,9.0,9.0
AdamW,adamw,AdamW,fc3,28,m_midpoint,3,9.0,0.0,0.0,0.95,4.302653,0.0,9.0,9.0,9.0,9.0
AdamW,adamw,AdamW,fc3,29,m_midpoint,3,9.0,0.0,0.0,0.95,4.302653,0.0,9.0,9.0,9.0,9.0
AdamW,adamw,AdamW,fc3,30,m_midpoint,3,9.0,0.0,0.0,0.95,4.302653,0.0,9.0,9.0,9.0,9.0
AdamW,adamw,AdamW,fc1,0,normalized_lambda_max,3,3.20139,0.055544,0.032068,0.95,4.302653,0.137978,3.063412,3.339369,3.140338,3.248933
AdamW,adamw,AdamW,fc1,1,normalized_lambda_max,3,3.233742,0.048524,0.028016,0.95,4.302653,0.120541,3.1132,3.354283,3.186243,3.283231
AdamW,adamw,AdamW,fc1,2,normalized_lambda_max,3,3.554045,0.061135,0.035296,0.95,4.302653,0.151867,3.402178,3.705912,3.487799,3.608289
AdamW,adamw,AdamW,fc1,3,normalized_lambda_max,3,4.194589,0.025984,0.015002,0.95,4.302653,0.064547,4.130042,4.259136,4.176659,4.224388
AdamW,adamw,AdamW,fc1,4,normalized_lambda_max,3,4.624391,0.096491,0.055709,0.95,4.302653,0.239697,4.384695,4.864088,4.547684,4.732727
AdamW,adamw,AdamW,fc1,5,normalized_lambda_max,3,4.901495,0.063581,0.036709,0.95,4.302653,0.157945,4.74355,5.05944,4.832063,4.956874
AdamW,adamw,AdamW,fc1,6,normalized_lambda_max,3,5.228778,0.163375,0.094324,0.95,4.302653,0.405845,4.822932,5.634623,5.041543,5.342362
AdamW,adamw,AdamW,fc1,7,normalized_lambda_max,3,5.442874,0.159554,0.092118,0.95,4.302653,0.396354,5.046521,5.839228,5.262627,5.566023
AdamW,adamw,AdamW,fc1,8,normalized_lambda_max,3,5.621231,0.115157,0.066486,0.95,4.302653,0.286067,5.335165,5.907298,5.501378,5.731033
AdamW,adamw,AdamW,fc1,9,normalized_lambda_max,3,5.890273,0.133083,0.076836,0.95,4.302653,0.330597,5.559677,6.22087,5.765417,6.030285
AdamW,adamw,AdamW,fc1,10,normalized_lambda_max,3,6.075643,0.052861,0.030519,0.95,4.302653,0.131314,5.944329,6.206956,6.041493,6.136531
AdamW,adamw,AdamW,fc1,11,normalized_lambda_max,3,6.236642,0.01861,0.010745,0.95,4.302653,0.04623,6.190412,6.282872,6.224452,6.258063
AdamW,adamw,AdamW,fc1,12,normalized_lambda_max,3,6.312188,0.09113,0.052614,0.95,4.302653,0.22638,6.085807,6.538568,6.234111,6.412322
AdamW,adamw,AdamW,fc1,13,normalized_lambda_max,3,6.3597,0.049263,0.028442,0.95,4.302653,0.122377,6.237322,6.482077,6.303097,6.3929
AdamW,adamw,AdamW,fc1,14,normalized_lambda_max,3,6.512156,0.12427,0.071747,0.95,4.302653,0.308704,6.203452,6.820861,6.418529,6.653143
AdamW,adamw,AdamW,fc1,15,normalized_lambda_max,3,6.53991,0.079579,0.045945,0.95,4.302653,0.197685,6.342225,6.737596,6.47067,6.626848
AdamW,adamw,AdamW,fc1,16,normalized_lambda_max,3,6.545801,0.062473,0.036069,0.95,4.302653,0.155193,6.390608,6.700993,6.482453,6.607361
AdamW,adamw,AdamW,fc1,17,normalized_lambda_max,3,6.555131,0.058759,0.033925,0.95,4.302653,0.145966,6.409165,6.701097,6.494985,6.612397
AdamW,adamw,AdamW,fc1,18,normalized_lambda_max,3,6.560117,0.058257,0.033635,0.95,4.302653,0.144718,6.415399,6.704835,6.499842,6.61612
AdamW,adamw,AdamW,fc1,19,normalized_lambda_max,3,6.568494,0.05687,0.032834,0.95,4.302653,0.141273,6.427221,6.709767,6.510579,6.624257
AdamW,adamw,AdamW,fc1,20,normalized_lambda_max,3,6.576991,0.055523,0.032056,0.95,4.302653,0.137927,6.439064,6.714919,6.521045,6.632081
AdamW,adamw,AdamW,fc1,21,normalized_lambda_max,3,6.583356,0.055081,0.031801,0.95,4.302653,0.136829,6.446528,6.720185,6.527975,6.638132
AdamW,adamw,AdamW,fc1,22,normalized_lambda_max,3,6.590044,0.053323,0.030786,0.95,4.302653,0.132461,6.457583,6.722504,6.537237,6.643867
AdamW,adamw,AdamW,fc1,23,normalized_lambda_max,3,6.595202,0.051848,0.029935,0.95,4.302653,0.128799,6.466403,6.724001,6.544358,6.648
AdamW,adamw,AdamW,fc1,24,normalized_lambda_max,3,6.600259,0.051719,0.02986,0.95,4.302653,0.128478,6.471782,6.728737,6.549646,6.653018
AdamW,adamw,AdamW,fc1,25,normalized_lambda_max,3,6.604119,0.050807,0.029333,0.95,4.302653,0.126212,6.477907,6.73033,6.554641,6.656158
AdamW,adamw,AdamW,fc1,26,normalized_lambda_max,3,6.607368,0.050207,0.028987,0.95,4.302653,0.12472,6.482648,6.732088,6.558778,6.659049
AdamW,adamw,AdamW,fc1,27,normalized_lambda_max,3,6.609889,0.049695,0.028692,0.95,4.302653,0.12345,6.486439,6.73334,6.561728,6.660988
AdamW,adamw,AdamW,fc1,28,normalized_lambda_max,3,6.611446,0.049297,0.028462,0.95,4.302653,0.122462,6.488984,6.733907,6.563796,6.66224
AdamW,adamw,AdamW,fc1,29,normalized_lambda_max,3,6.612252,0.049129,0.028365,0.95,4.302653,0.122044,6.490207,6.734296,6.564785,6.66289
AdamW,adamw,AdamW,fc1,30,normalized_lambda_max,3,6.612574,0.049123,0.028361,0.95,4.302653,0.122029,6.490545,6.734602,6.565124,6.663215
AdamW,adamw,AdamW,fc2,0,normalized_lambda_max,3,3.921392,0.020161,0.01164,0.95,4.302653,0.050084,3.871308,3.971476,3.908228,3.944603
AdamW,adamw,AdamW,fc2,1,normalized_lambda_max,3,3.924683,0.018461,0.010658,0.95,4.302653,0.04586,3.878823,3.970543,3.903482,3.937203
AdamW,adamw,AdamW,fc2,2,normalized_lambda_max,3,4.338873,0.164346,0.094885,0.95,4.302653,0.408258,3.930615,4.747131,4.202043,4.521164
AdamW,adamw,AdamW,fc2,3,normalized_lambda_max,3,5.262644,0.240501,0.138853,0.95,4.302653,0.597438,4.665207,5.860082,5.070514,5.532362
AdamW,adamw,AdamW,fc2,4,normalized_lambda_max,3,5.965751,0.239159,0.138079,0.95,4.302653,0.594104,5.371647,6.559855,5.721482,6.199449
AdamW,adamw,AdamW,fc2,5,normalized_lambda_max,3,6.580953,0.296226,0.171026,0.95,4.302653,0.735867,5.845085,7.31682,6.303054,6.892614
AdamW,adamw,AdamW,fc2,6,normalized_lambda_max,3,7.139998,0.330227,0.190657,0.95,4.302653,0.820329,6.319669,7.960327,6.906708,7.517855
AdamW,adamw,AdamW,fc2,7,normalized_lambda_max,3,7.598978,0.341028,0.196892,0.95,4.302653,0.847159,6.751818,8.446137,7.321832,7.979816
AdamW,adamw,AdamW,fc2,8,normalized_lambda_max,3,8.003705,0.429083,0.247731,0.95,4.302653,1.065902,6.937803,9.069607,7.722531,8.497589
AdamW,adamw,AdamW,fc2,9,normalized_lambda_max,3,8.412587,0.365542,0.211046,0.95,4.302653,0.908058,7.504529,9.320645,8.148217,8.829733
AdamW,adamw,AdamW,fc2,10,normalized_lambda_max,3,8.680838,0.394586,0.227815,0.95,4.302653,0.980207,7.700631,9.661045,8.377718,9.126994
AdamW,adamw,AdamW,fc2,11,normalized_lambda_max,3,9.030062,0.397708,0.229617,0.95,4.302653,0.987961,8.042101,10.018023,8.718594,9.47805
AdamW,adamw,AdamW,fc2,12,normalized_lambda_max,3,9.254182,0.305451,0.176352,0.95,4.302653,0.758782,8.4954,10.012963,9.047816,9.605074
AdamW,adamw,AdamW,fc2,13,normalized_lambda_max,3,9.537534,0.292779,0.169036,0.95,4.302653,0.727303,8.810231,10.264836,9.364824,9.875579
AdamW,adamw,AdamW,fc2,14,normalized_lambda_max,3,9.831855,0.512805,0.296068,0.95,4.302653,1.273878,8.557977,11.105733,9.481114,10.420389
AdamW,adamw,AdamW,fc2,15,normalized_lambda_max,3,9.910455,0.5092,0.293987,0.95,4.302653,1.264923,8.645532,11.175378,9.550607,10.493078
AdamW,adamw,AdamW,fc2,16,normalized_lambda_max,3,9.973165,0.538599,0.31096,0.95,4.302653,1.337955,8.63521,11.31112,9.580821,10.587235
AdamW,adamw,AdamW,fc2,17,normalized_lambda_max,3,10.02367,0.563544,0.325362,0.95,4.302653,1.399921,8.623749,11.423591,9.610859,10.665704
AdamW,adamw,AdamW,fc2,18,normalized_lambda_max,3,10.047219,0.55867,0.322548,0.95,4.302653,1.387813,8.659407,11.435032,9.641676,10.68446
AdamW,adamw,AdamW,fc2,19,normalized_lambda_max,3,10.079851,0.564327,0.325815,0.95,4.302653,1.401867,8.677984,11.481718,9.671353,10.723773
AdamW,adamw,AdamW,fc2,20,normalized_lambda_max,3,10.107079,0.566837,0.327263,0.95,4.302653,1.408101,8.698978,11.51518,9.697807,10.754068
AdamW,adamw,AdamW,fc2,21,normalized_lambda_max,3,10.135656,0.570196,0.329203,0.95,4.302653,1.416444,8.719211,11.5521,9.726691,10.786998
AdamW,adamw,AdamW,fc2,22,normalized_lambda_max,3,10.16028,0.571209,0.329787,0.95,4.302653,1.418961,8.741319,11.579241,9.751464,10.812942
AdamW,adamw,AdamW,fc2,23,normalized_lambda_max,3,10.183168,0.57172,0.330083,0.95,4.302653,1.420231,8.762936,11.603399,9.776815,10.836924
AdamW,adamw,AdamW,fc2,24,normalized_lambda_max,3,10.202959,0.573599,0.331168,0.95,4.302653,1.4249,8.778059,11.627858,9.796366,10.859055
AdamW,adamw,AdamW,fc2,25,normalized_lambda_max,3,10.220363,0.574517,0.331698,0.95,4.302653,1.42718,8.793184,11.647543,9.814226,10.8777
AdamW,adamw,AdamW,fc2,26,normalized_lambda_max,3,10.234005,0.575701,0.332381,0.95,4.302653,1.430121,8.803883,11.664126,9.82789,10.892842
AdamW,adamw,AdamW,fc2,27,normalized_lambda_max,3,10.244413,0.575454,0.332239,0.95,4.302653,1.429508,8.814905,11.673921,9.839329,10.903111
AdamW,adamw,AdamW,fc2,28,normalized_lambda_max,3,10.251423,0.575855,0.33247,0.95,4.302653,1.430503,8.820921,11.681926,9.846611,10.910671
AdamW,adamw,AdamW,fc2,29,normalized_lambda_max,3,10.25471,0.576252,0.332699,0.95,4.302653,1.431489,8.823221,11.686199,9.849874,10.914454
AdamW,adamw,AdamW,fc2,30,normalized_lambda_max,3,10.25607,0.576291,0.332722,0.95,4.302653,1.431586,8.824483,11.687656,9.851335,10.915879
AdamW,adamw,AdamW,fc3,0,normalized_lambda_max,3,1.246101,0.041304,0.023847,0.95,4.302653,0.102605,1.143496,1.348706,1.220047,1.293724
AdamW,adamw,AdamW,fc3,1,normalized_lambda_max,3,1.231551,0.044305,0.025579,0.95,4.302653,0.110059,1.121492,1.34161,1.205623,1.282708
AdamW,adamw,AdamW,fc3,2,normalized_lambda_max,3,1.249297,0.021445,0.012381,0.95,4.302653,0.053271,1.196026,1.302568,1.225768,1.267744
AdamW,adamw,AdamW,fc3,3,normalized_lambda_max,3,1.290227,0.029542,0.017056,0.95,4.302653,0.073387,1.216841,1.363614,1.267388,1.32359
AdamW,adamw,AdamW,fc3,4,normalized_lambda_max,3,1.316247,0.04176,0.02411,0.95,4.302653,0.103738,1.212508,1.419985,1.279974,1.361899
AdamW,adamw,AdamW,fc3,5,normalized_lambda_max,3,1.335945,0.048924,0.028246,0.95,4.302653,0.121534,1.214412,1.457479,1.289356,1.38691
AdamW,adamw,AdamW,fc3,6,normalized_lambda_max,3,1.350114,0.056908,0.032856,0.95,4.302653,0.141368,1.208745,1.491482,1.29766,1.410619
AdamW,adamw,AdamW,fc3,7,normalized_lambda_max,3,1.354851,0.045298,0.026153,0.95,4.302653,0.112527,1.242324,1.467378,1.310935,1.401415
AdamW,adamw,AdamW,fc3,8,normalized_lambda_max,3,1.354481,0.054883,0.031687,0.95,4.302653,0.136338,1.218143,1.490819,1.30319,1.412362
AdamW,adamw,AdamW,fc3,9,normalized_lambda_max,3,1.35946,0.053513,0.030896,0.95,4.302653,0.132934,1.226526,1.492394,1.311969,1.417442
AdamW,adamw,AdamW,fc3,10,normalized_lambda_max,3,1.358468,0.049991,0.028862,0.95,4.302653,0.124185,1.234283,1.482652,1.311707,1.41116
AdamW,adamw,AdamW,fc3,11,normalized_lambda_max,3,1.370069,0.044482,0.025681,0.95,4.302653,0.110498,1.259571,1.480568,1.326183,1.415124
AdamW,adamw,AdamW,fc3,12,normalized_lambda_max,3,1.37516,0.049694,0.028691,0.95,4.302653,0.123446,1.251714,1.498607,1.327048,1.426297
AdamW,adamw,AdamW,fc3,13,normalized_lambda_max,3,1.37774,0.049388,0.028514,0.95,4.302653,0.122687,1.255053,1.500427,1.330678,1.429165
AdamW,adamw,AdamW,fc3,14,normalized_lambda_max,3,1.372695,0.057188,0.033018,0.95,4.302653,0.142063,1.230632,1.514759,1.314232,1.428517
AdamW,adamw,AdamW,fc3,15,normalized_lambda_max,3,1.372101,0.058124,0.033558,0.95,4.302653,0.144387,1.227714,1.516488,1.31289,1.429073
AdamW,adamw,AdamW,fc3,16,normalized_lambda_max,3,1.373986,0.053602,0.030947,0.95,4.302653,0.133154,1.240831,1.50714,1.320821,1.428014
AdamW,adamw,AdamW,fc3,17,normalized_lambda_max,3,1.373666,0.052498,0.03031,0.95,4.302653,0.130412,1.243254,1.504078,1.322106,1.427054
AdamW,adamw,AdamW,fc3,18,normalized_lambda_max,3,1.37338,0.051592,0.029787,0.95,4.302653,0.128162,1.245218,1.501542,1.322932,1.426045
AdamW,adamw,AdamW,fc3,19,normalized_lambda_max,3,1.372728,0.051563,0.02977,0.95,4.302653,0.12809,1.244638,1.500818,1.322261,1.425321
AdamW,adamw,AdamW,fc3,20,normalized_lambda_max,3,1.372172,0.051274,0.029603,0.95,4.302653,0.127373,1.244799,1.499545,1.321985,1.424469
AdamW,adamw,AdamW,fc3,21,normalized_lambda_max,3,1.371734,0.051044,0.02947,0.95,4.302653,0.126799,1.244935,1.498533,1.321794,1.423814
AdamW,adamw,AdamW,fc3,22,normalized_lambda_max,3,1.371339,0.050773,0.029314,0.95,4.302653,0.126128,1.245211,1.497468,1.321644,1.423126
AdamW,adamw,AdamW,fc3,23,normalized_lambda_max,3,1.371028,0.050552,0.029186,0.95,4.302653,0.125579,1.245449,1.496607,1.321529,1.422572
AdamW,adamw,AdamW,fc3,24,normalized_lambda_max,3,1.370718,0.050388,0.029091,0.95,4.302653,0.12517,1.245548,1.495888,1.321401,1.422112
AdamW,adamw,AdamW,fc3,25,normalized_lambda_max,3,1.370461,0.050186,0.028975,0.95,4.302653,0.12467,1.245791,1.49513,1.321347,1.421655
AdamW,adamw,AdamW,fc3,26,normalized_lambda_max,3,1.37029,0.050046,0.028894,0.95,4.302653,0.124322,1.245969,1.494612,1.321321,1.421348
AdamW,adamw,AdamW,fc3,27,normalized_lambda_max,3,1.370172,0.049956,0.028842,0.95,4.302653,0.124098,1.246074,1.49427,1.321309,1.421154
AdamW,adamw,AdamW,fc3,28,normalized_lambda_max,3,1.37009,0.049897,0.028808,0.95,4.302653,0.12395,1.24614,1.494041,1.321284,1.42101
AdamW,adamw,AdamW,fc3,29,normalized_lambda_max,3,1.37005,0.04986,0.028787,0.95,4.302653,0.12386,1.246191,1.49391,1.32128,1.420933
AdamW,adamw,AdamW,fc3,30,normalized_lambda_max,3,1.370037,0.049847,0.028779,0.95,4.302653,0.123827,1.24621,1.493865,1.321282,1.420909
AdamW,adamw,AdamW,fc1,0,num_traps,3,0.0,0.0,0.0,0.95,4.302653,0.0,0.0,0.0,0.0,0.0
AdamW,adamw,AdamW,fc1,1,num_traps,3,0.0,0.0,0.0,0.95,4.302653,0.0,0.0,0.0,0.0,0.0
AdamW,adamw,AdamW,fc1,2,num_traps,3,0.0,0.0,0.0,0.95,4.302653,0.0,0.0,0.0,0.0,0.0
AdamW,adamw,AdamW,fc1,3,num_traps,3,0.0,0.0,0.0,0.95,4.302653,0.0,0.0,0.0,0.0,0.0
AdamW,adamw,AdamW,fc1,4,num_traps,3,0.0,0.0,0.0,0.95,4.302653,0.0,0.0,0.0,0.0,0.0
AdamW,adamw,AdamW,fc1,5,num_traps,3,0.0,0.0,0.0,0.95,4.302653,0.0,0.0,0.0,0.0,0.0
AdamW,adamw,AdamW,fc1,6,num_traps,3,0.0,0.0,0.0,0.95,4.302653,0.0,0.0,0.0,0.0,0.0
AdamW,adamw,AdamW,fc1,7,num_traps,3,0.0,0.0,0.0,0.95,4.302653,0.0,0.0,0.0,0.0,0.0
AdamW,adamw,AdamW,fc1,8,num_traps,3,0.0,0.0,0.0,0.95,4.302653,0.0,0.0,0.0,0.0,0.0
AdamW,adamw,AdamW,fc1,9,num_traps,3,0.0,0.0,0.0,0.95,4.302653,0.0,0.0,0.0,0.0,0.0
AdamW,adamw,AdamW,fc1,10,num_traps,3,0.0,0.0,0.0,0.95,4.302653,0.0,0.0,0.0,0.0,0.0
AdamW,adamw,AdamW,fc1,11,num_traps,3,0.0,0.0,0.0,0.95,4.302653,0.0,0.0,0.0,0.0,0.0
AdamW,adamw,AdamW,fc1,12,num_traps,3,0.0,0.0,0.0,0.95,4.302653,0.0,0.0,0.0,0.0,0.0
AdamW,adamw,AdamW,fc1,13,num_traps,3,0.0,0.0,0.0,0.95,4.302653,0.0,0.0,0.0,0.0,0.0
AdamW,adamw,AdamW,fc1,14,num_traps,3,0.0,0.0,0.0,0.95,4.302653,0.0,0.0,0.0,0.0,0.0
AdamW,adamw,AdamW,fc1,15,num_traps,3,0.0,0.0,0.0,0.95,4.302653,0.0,0.0,0.0,0.0,0.0
AdamW,adamw,AdamW,fc1,16,num_traps,3,0.0,0.0,0.0,0.95,4.302653,0.0,0.0,0.0,0.0,0.0
AdamW,adamw,AdamW,fc1,17,num_traps,3,0.0,0.0,0.0,0.95,4.302653,0.0,0.0,0.0,0.0,0.0
AdamW,adamw,AdamW,fc1,18,num_traps,3,0.0,0.0,0.0,0.95,4.302653,0.0,0.0,0.0,0.0,0.0
AdamW,adamw,AdamW,fc1,19,num_traps,3,0.0,0.0,0.0,0.95,4.302653,0.0,0.0,0.0,0.0,0.0
AdamW,adamw,AdamW,fc1,20,num_traps,3,0.0,0.0,0.0,0.95,4.302653,0.0,0.0,0.0,0.0,0.0
AdamW,adamw,AdamW,fc1,21,num_traps,3,0.0,0.0,0.0,0.95,4.302653,0.0,0.0,0.0,0.0,0.0
AdamW,adamw,AdamW,fc1,22,num_traps,3,0.0,0.0,0.0,0.95,4.302653,0.0,0.0,0.0,0.0,0.0
AdamW,adamw,AdamW,fc1,23,num_traps,3,0.0,0.0,0.0,0.95,4.302653,0.0,0.0,0.0,0.0,0.0
AdamW,adamw,AdamW,fc1,24,num_traps,3,0.0,0.0,0.0,0.95,4.302653,0.0,0.0,0.0,0.0,0.0
AdamW,adamw,AdamW,fc1,25,num_traps,3,0.0,0.0,0.0,0.95,4.302653,0.0,0.0,0.0,0.0,0.0
AdamW,adamw,AdamW,fc1,26,num_traps,3,0.0,0.0,0.0,0.95,4.302653,0.0,0.0,0.0,0.0,0.0
AdamW,adamw,AdamW,fc1,27,num_traps,3,0.0,0.0,0.0,0.95,4.302653,0.0,0.0,0.0,0.0,0.0
AdamW,adamw,AdamW,fc1,28,num_traps,3,0.0,0.0,0.0,0.95,4.302653,0.0,0.0,0.0,0.0,0.0
AdamW,adamw,AdamW,fc1,29,num_traps,3,0.0,0.0,0.0,0.95,4.302653,0.0,0.0,0.0,0.0,0.0
AdamW,adamw,AdamW,fc1,30,num_traps,3,0.0,0.0,0.0,0.95,4.302653,0.0,0.0,0.0,0.0,0.0
AdamW,adamw,AdamW,fc2,0,num_traps,3,0.0,0.0,0.0,0.95,4.302653,0.0,0.0,0.0,0.0,0.0
AdamW,adamw,AdamW,fc2,1,num_traps,3,0.0,0.0,0.0,0.95,4.302653,0.0,0.0,0.0,0.0,0.0
AdamW,adamw,AdamW,fc2,2,num_traps,3,0.0,0.0,0.0,0.95,4.302653,0.0,0.0,0.0,0.0,0.0
AdamW,adamw,AdamW,fc2,3,num_traps,3,0.0,0.0,0.0,0.95,4.302653,0.0,0.0,0.0,0.0,0.0
AdamW,adamw,AdamW,fc2,4,num_traps,3,0.0,0.0,0.0,0.95,4.302653,0.0,0.0,0.0,0.0,0.0
AdamW,adamw,AdamW,fc2,5,num_traps,3,0.0,0.0,0.0,0.95,4.302653,0.0,0.0,0.0,0.0,0.0
AdamW,adamw,AdamW,fc2,6,num_traps,3,0.0,0.0,0.0,0.95,4.302653,0.0,0.0,0.0,0.0,0.0
AdamW,adamw,AdamW,fc2,7,num_traps,3,0.0,0.0,0.0,0.95,4.302653,0.0,0.0,0.0,0.0,0.0
AdamW,adamw,AdamW,fc2,8,num_traps,3,0.0,0.0,0.0,0.95,4.302653,0.0,0.0,0.0,0.0,0.0
AdamW,adamw,AdamW,fc2,9,num_traps,3,0.0,0.0,0.0,0.95,4.302653,0.0,0.0,0.0,0.0,0.0
AdamW,adamw,AdamW,fc2,10,num_traps,3,0.0,0.0,0.0,0.95,4.302653,0.0,0.0,0.0,0.0,0.0
AdamW,adamw,AdamW,fc2,11,num_traps,3,0.0,0.0,0.0,0.95,4.302653,0.0,0.0,0.0,0.0,0.0
AdamW,adamw,AdamW,fc2,12,num_traps,3,0.0,0.0,0.0,0.95,4.302653,0.0,0.0,0.0,0.0,0.0
AdamW,adamw,AdamW,fc2,13,num_traps,3,0.0,0.0,0.0,0.95,4.302653,0.0,0.0,0.0,0.0,0.0
AdamW,adamw,AdamW,fc2,14,num_traps,3,0.0,0.0,0.0,0.95,4.302653,0.0,0.0,0.0,0.0,0.0
AdamW,adamw,AdamW,fc2,15,num_traps,3,0.0,0.0,0.0,0.95,4.302653,0.0,0.0,0.0,0.0,0.0
AdamW,adamw,AdamW,fc2,16,num_traps,3,0.0,0.0,0.0,0.95,4.302653,0.0,0.0,0.0,0.0,0.0
AdamW,adamw,AdamW,fc2,17,num_traps,3,0.0,0.0,0.0,0.95,4.302653,0.0,0.0,0.0,0.0,0.0
AdamW,adamw,AdamW,fc2,18,num_traps,3,0.0,0.0,0.0,0.95,4.302653,0.0,0.0,0.0,0.0,0.0
AdamW,adamw,AdamW,fc2,19,num_traps,3,0.0,0.0,0.0,0.95,4.302653,0.0,0.0,0.0,0.0,0.0
AdamW,adamw,AdamW,fc2,20,num_traps,3,0.0,0.0,0.0,0.95,4.302653,0.0,0.0,0.0,0.0,0.0
AdamW,adamw,AdamW,fc2,21,num_traps,3,0.0,0.0,0.0,0.95,4.302653,0.0,0.0,0.0,0.0,0.0
AdamW,adamw,AdamW,fc2,22,num_traps,3,0.0,0.0,0.0,0.95,4.302653,0.0,0.0,0.0,0.0,0.0
AdamW,adamw,AdamW,fc2,23,num_traps,3,0.0,0.0,0.0,0.95,4.302653,0.0,0.0,0.0,0.0,0.0
AdamW,adamw,AdamW,fc2,24,num_traps,3,0.0,0.0,0.0,0.95,4.302653,0.0,0.0,0.0,0.0,0.0
AdamW,adamw,AdamW,fc2,25,num_traps,3,0.0,0.0,0.0,0.95,4.302653,0.0,0.0,0.0,0.0,0.0
AdamW,adamw,AdamW,fc2,26,num_traps,3,0.0,0.0,0.0,0.95,4.302653,0.0,0.0,0.0,0.0,0.0
AdamW,adamw,AdamW,fc2,27,num_traps,3,0.0,0.0,0.0,0.95,4.302653,0.0,0.0,0.0,0.0,0.0
AdamW,adamw,AdamW,fc2,28,num_traps,3,0.0,0.0,0.0,0.95,4.302653,0.0,0.0,0.0,0.0,0.0
AdamW,adamw,AdamW,fc2,29,num_traps,3,0.0,0.0,0.0,0.95,4.302653,0.0,0.0,0.0,0.0,0.0
AdamW,adamw,AdamW,fc2,30,num_traps,3,0.0,0.0,0.0,0.95,4.302653,0.0,0.0,0.0,0.0,0.0
AdamW,adamw,AdamW,fc3,0,num_traps,3,0.0,0.0,0.0,0.95,4.302653,0.0,0.0,0.0,0.0,0.0
AdamW,adamw,AdamW,fc3,1,num_traps,3,0.0,0.0,0.0,0.95,4.302653,0.0,0.0,0.0,0.0,0.0
AdamW,adamw,AdamW,fc3,2,num_traps,3,0.0,0.0,0.0,0.95,4.302653,0.0,0.0,0.0,0.0,0.0
AdamW,adamw,AdamW,fc3,3,num_traps,3,0.0,0.0,0.0,0.95,4.302653,0.0,0.0,0.0,0.0,0.0
AdamW,adamw,AdamW,fc3,4,num_traps,3,0.0,0.0,0.0,0.95,4.302653,0.0,0.0,0.0,0.0,0.0
AdamW,adamw,AdamW,fc3,5,num_traps,3,0.0,0.0,0.0,0.95,4.302653,0.0,0.0,0.0,0.0,0.0
AdamW,adamw,AdamW,fc3,6,num_traps,3,0.0,0.0,0.0,0.95,4.302653,0.0,0.0,0.0,0.0,0.0
AdamW,adamw,AdamW,fc3,7,num_traps,3,0.0,0.0,0.0,0.95,4.302653,0.0,0.0,0.0,0.0,0.0
AdamW,adamw,AdamW,fc3,8,num_traps,3,0.0,0.0,0.0,0.95,4.302653,0.0,0.0,0.0,0.0,0.0
AdamW,adamw,AdamW,fc3,9,num_traps,3,0.0,0.0,0.0,0.95,4.302653,0.0,0.0,0.0,0.0,0.0
AdamW,adamw,AdamW,fc3,10,num_traps,3,0.0,0.0,0.0,0.95,4.302653,0.0,0.0,0.0,0.0,0.0
AdamW,adamw,AdamW,fc3,11,num_traps,3,0.0,0.0,0.0,0.95,4.302653,0.0,0.0,0.0,0.0,0.0
AdamW,adamw,AdamW,fc3,12,num_traps,3,0.0,0.0,0.0,0.95,4.302653,0.0,0.0,0.0,0.0,0.0
AdamW,adamw,AdamW,fc3,13,num_traps,3,0.0,0.0,0.0,0.95,4.302653,0.0,0.0,0.0,0.0,0.0
AdamW,adamw,AdamW,fc3,14,num_traps,3,0.0,0.0,0.0,0.95,4.302653,0.0,0.0,0.0,0.0,0.0
AdamW,adamw,AdamW,fc3,15,num_traps,3,0.0,0.0,0.0,0.95,4.302653,0.0,0.0,0.0,0.0,0.0
AdamW,adamw,AdamW,fc3,16,num_traps,3,0.0,0.0,0.0,0.95,4.302653,0.0,0.0,0.0,0.0,0.0
AdamW,adamw,AdamW,fc3,17,num_traps,3,0.0,0.0,0.0,0.95,4.302653,0.0,0.0,0.0,0.0,0.0
AdamW,adamw,AdamW,fc3,18,num_traps,3,0.0,0.0,0.0,0.95,4.302653,0.0,0.0,0.0,0.0,0.0
AdamW,adamw,AdamW,fc3,19,num_traps,3,0.0,0.0,0.0,0.95,4.302653,0.0,0.0,0.0,0.0,0.0
AdamW,adamw,AdamW,fc3,20,num_traps,3,0.0,0.0,0.0,0.95,4.302653,0.0,0.0,0.0,0.0,0.0
AdamW,adamw,AdamW,fc3,21,num_traps,3,0.0,0.0,0.0,0.95,4.302653,0.0,0.0,0.0,0.0,0.0
AdamW,adamw,AdamW,fc3,22,num_traps,3,0.0,0.0,0.0,0.95,4.302653,0.0,0.0,0.0,0.0,0.0
AdamW,adamw,AdamW,fc3,23,num_traps,3,0.0,0.0,0.0,0.95,4.302653,0.0,0.0,0.0,0.0,0.0
AdamW,adamw,AdamW,fc3,24,num_traps,3,0.0,0.0,0.0,0.95,4.302653,0.0,0.0,0.0,0.0,0.0
AdamW,adamw,AdamW,fc3,25,num_traps,3,0.0,0.0,0.0,0.95,4.302653,0.0,0.0,0.0,0.0,0.0
AdamW,adamw,AdamW,fc3,26,num_traps,3,0.0,0.0,0.0,0.95,4.302653,0.0,0.0,0.0,0.0,0.0
AdamW,adamw,AdamW,fc3,27,num_traps,3,0.0,0.0,0.0,0.95,4.302653,0.0,0.0,0.0,0.0,0.0
AdamW,adamw,AdamW,fc3,28,num_traps,3,0.0,0.0,0.0,0.95,4.302653,0.0,0.0,0.0,0.0,0.0
AdamW,adamw,AdamW,fc3,29,num_traps,3,0.0,0.0,0.0,0.95,4.302653,0.0,0.0,0.0,0.0,0.0
AdamW,adamw,AdamW,fc3,30,num_traps,3,0.0,0.0,0.0,0.95,4.302653,0.0,0.0,0.0,0.0,0.0
AdamW,adamw,AdamW,fc1,0,stable_rank,3,159.962804,2.792235,1.612098,0.95,4.302653,6.936296,153.026508,166.8991,157.590181,163.039769
AdamW,adamw,AdamW,fc1,1,stable_rank,3,158.354262,2.374287,1.370795,0.95,4.302653,5.898055,152.456207,164.252317,155.943956,160.690811
AdamW,adamw,AdamW,fc1,2,stable_rank,3,144.089761,2.490962,1.438157,0.95,4.302653,6.187892,137.901869,150.277653,141.895522,146.797432
AdamW,adamw,AdamW,fc1,3,stable_rank,3,122.065121,0.753613,0.435099,0.95,4.302653,1.872078,120.193043,123.937199,121.200989,122.586009
AdamW,adamw,AdamW,fc1,4,stable_rank,3,110.749127,2.290094,1.322186,0.95,4.302653,5.688909,105.060218,116.438036,108.182871,112.584776
AdamW,adamw,AdamW,fc1,5,stable_rank,3,104.469698,1.360811,0.785664,0.95,4.302653,3.380441,101.089257,107.850139,103.290904,105.958894
AdamW,adamw,AdamW,fc1,6,stable_rank,3,97.984504,3.114173,1.797969,0.95,4.302653,7.736035,90.248469,105.72054,95.837765,101.556215
AdamW,adamw,AdamW,fc1,7,stable_rank,3,94.122621,2.797926,1.615384,0.95,4.302653,6.950434,87.172187,101.073056,91.986684,97.289809
AdamW,adamw,AdamW,fc1,8,stable_rank,3,91.108811,1.871821,1.080696,0.95,4.302653,4.64986,86.458951,95.758671,89.338169,93.067599
AdamW,adamw,AdamW,fc1,9,stable_rank,3,86.952444,1.95758,1.130209,0.95,4.302653,4.862897,82.089547,91.815342,84.904775,88.805378
AdamW,adamw,AdamW,fc1,10,stable_rank,3,84.275149,0.729649,0.421263,0.95,4.302653,1.812548,82.462602,86.087697,83.434759,84.747264
AdamW,adamw,AdamW,fc1,11,stable_rank,3,82.095951,0.244564,0.141199,0.95,4.302653,0.60753,81.488421,82.703481,81.814457,82.256241
AdamW,adamw,AdamW,fc1,12,stable_rank,3,81.124144,1.165533,0.672921,0.95,4.302653,2.895346,78.228799,84.01949,79.846271,82.128797
AdamW,adamw,AdamW,fc1,13,stable_rank,3,80.510182,0.626326,0.361609,0.95,4.302653,1.555879,78.954302,82.066061,80.088849,81.229909
AdamW,adamw,AdamW,fc1,14,stable_rank,3,78.641105,1.486907,0.858466,0.95,4.302653,3.693681,74.947424,82.334786,76.956108,79.769053
AdamW,adamw,AdamW,fc1,15,stable_rank,3,78.296234,0.949112,0.54797,0.95,4.302653,2.357726,75.938508,80.653959,77.261465,79.126275
AdamW,adamw,AdamW,fc1,16,stable_rank,3,78.222837,0.746902,0.431224,0.95,4.302653,1.855409,76.367429,80.078246,77.489331,78.982451
AdamW,adamw,AdamW,fc1,17,stable_rank,3,78.110938,0.700664,0.404529,0.95,4.302653,1.740547,76.370391,79.851485,77.430313,78.830055
AdamW,adamw,AdamW,fc1,18,stable_rank,3,78.051494,0.693832,0.400584,0.95,4.302653,1.723574,76.32792,79.775068,77.386746,78.771148
AdamW,adamw,AdamW,fc1,19,stable_rank,3,77.951748,0.675262,0.389862,0.95,4.302653,1.677443,76.274305,79.629191,77.291684,78.641244
AdamW,adamw,AdamW,fc1,20,stable_rank,3,77.850843,0.657372,0.379534,0.95,4.302653,1.633002,76.217841,79.483845,77.200503,78.515028
AdamW,adamw,AdamW,fc1,21,stable_rank,3,77.77551,0.650837,0.375761,0.95,4.302653,1.616769,76.158741,79.392279,77.130138,78.431678
AdamW,adamw,AdamW,fc1,22,stable_rank,3,77.696351,0.628546,0.362891,0.95,4.302653,1.561394,76.134956,79.257745,77.063551,78.320555
AdamW,adamw,AdamW,fc1,23,stable_rank,3,77.635394,0.610082,0.352231,0.95,4.302653,1.515528,76.119866,79.150922,77.015643,78.235325
AdamW,adamw,AdamW,fc1,24,stable_rank,3,77.575884,0.607603,0.3508,0.95,4.302653,1.509369,76.066515,79.085253,76.957557,78.172162
AdamW,adamw,AdamW,fc1,25,stable_rank,3,77.530437,0.596131,0.344177,0.95,4.302653,1.480873,76.049564,79.011309,76.921251,78.112594
AdamW,adamw,AdamW,fc1,26,stable_rank,3,77.492231,0.588436,0.339734,0.95,4.302653,1.461756,76.030475,78.953987,76.88786,78.06332
AdamW,adamw,AdamW,fc1,27,stable_rank,3,77.46261,0.58202,0.336029,0.95,4.302653,1.445817,76.016793,78.908427,76.865473,78.028232
AdamW,adamw,AdamW,fc1,28,stable_rank,3,77.444329,0.57706,0.333166,0.95,4.302653,1.433496,76.010833,78.877825,76.85103,78.003648
AdamW,adamw,AdamW,fc1,29,stable_rank,3,77.434869,0.57495,0.331948,0.95,4.302653,1.428255,76.006614,78.863124,76.843532,77.991895
AdamW,adamw,AdamW,fc1,30,stable_rank,3,77.431097,0.574817,0.331871,0.95,4.302653,1.427925,76.003172,78.859022,76.839788,77.987864
AdamW,adamw,AdamW,fc2,0,stable_rank,3,130.568187,0.669371,0.386462,0.95,4.302653,1.66281,128.905377,132.230997,129.797615,131.005648
AdamW,adamw,AdamW,fc2,1,stable_rank,3,130.458324,0.615244,0.355211,0.95,4.302653,1.528352,128.929973,131.986676,130.041556,131.164959
AdamW,adamw,AdamW,fc2,2,stable_rank,3,118.114385,4.411671,2.547079,0.95,4.302653,10.959199,107.155187,129.073584,113.245177,121.845504
AdamW,adamw,AdamW,fc2,3,stable_rank,3,97.422541,4.367696,2.52169,0.95,4.302653,10.849958,86.572584,108.272499,92.546369,100.975961
AdamW,adamw,AdamW,fc2,4,stable_rank,3,85.915572,3.456139,1.995403,0.95,4.302653,8.585525,77.330047,94.501097,82.587979,89.487309
AdamW,adamw,AdamW,fc2,5,stable_rank,3,77.904788,3.483513,2.011207,0.95,4.302653,8.653527,69.251261,86.558315,74.282414,81.230462
AdamW,adamw,AdamW,fc2,6,stable_rank,3,71.808663,3.242134,1.871847,0.95,4.302653,8.053907,63.754757,79.86257,68.104534,74.130833
AdamW,adamw,AdamW,fc2,7,stable_rank,3,67.466447,2.974021,1.717052,0.95,4.302653,7.387878,60.078569,74.854325,64.161881,69.927855
AdamW,adamw,AdamW,fc2,8,stable_rank,3,64.089592,3.335862,1.925961,0.95,4.302653,8.286741,55.802852,72.376333,60.252386,66.299507
AdamW,adamw,AdamW,fc2,9,stable_rank,3,60.936208,2.59006,1.495372,0.95,4.302653,6.434066,54.502141,67.370274,57.9859,62.835834
AdamW,adamw,AdamW,fc2,10,stable_rank,3,59.060143,2.629062,1.51789,0.95,4.302653,6.530952,52.52919,65.591095,56.097329,61.114497
AdamW,adamw,AdamW,fc2,11,stable_rank,3,56.771493,2.452246,1.415805,0.95,4.302653,6.091716,50.679776,62.863209,54.019551,58.725065
AdamW,adamw,AdamW,fc2,12,stable_rank,3,55.365835,1.794904,1.036289,0.95,4.302653,4.45879,50.907045,59.824625,53.305159,56.588244
AdamW,adamw,AdamW,fc2,13,stable_rank,3,53.7158,1.620248,0.93545,0.95,4.302653,4.024918,49.690881,57.740718,51.845064,54.672679
AdamW,adamw,AdamW,fc2,14,stable_rank,3,52.167627,2.645979,1.527657,0.95,4.302653,6.572977,45.59465,58.740604,49.13444,54.002092
AdamW,adamw,AdamW,fc2,15,stable_rank,3,51.751287,2.588955,1.494734,0.95,4.302653,6.43132,45.319967,58.182607,48.794071,53.609158
AdamW,adamw,AdamW,fc2,16,stable_rank,3,51.435096,2.703732,1.561,0.95,4.302653,6.716442,44.718654,58.151538,48.360122,53.440096
AdamW,adamw,AdamW,fc2,17,stable_rank,3,51.183975,2.798549,1.615743,0.95,4.302653,6.951982,44.231993,58.135956,48.004331,53.273074
AdamW,adamw,AdamW,fc2,18,stable_rank,3,51.061714,2.76109,1.594116,0.95,4.302653,6.858927,44.202787,57.920641,47.920065,53.102801
AdamW,adamw,AdamW,fc2,19,stable_rank,3,50.89779,2.77029,1.599428,0.95,4.302653,6.881782,44.016008,57.779573,47.744391,52.939853
AdamW,adamw,AdamW,fc2,20,stable_rank,3,50.761018,2.767265,1.597681,0.95,4.302653,6.874268,43.88675,57.635286,47.60989,52.79544
AdamW,adamw,AdamW,fc2,21,stable_rank,3,50.618507,2.767127,1.597602,0.95,4.302653,6.873925,43.744582,57.492433,47.464549,52.63866
AdamW,adamw,AdamW,fc2,22,stable_rank,3,50.495688,2.758461,1.592598,0.95,4.302653,6.852398,43.64329,57.348086,47.350667,52.504939
AdamW,adamw,AdamW,fc2,23,stable_rank,3,50.381894,2.747983,1.586549,0.95,4.302653,6.826367,43.555527,57.208262,47.24588,52.36879
AdamW,adamw,AdamW,fc2,24,stable_rank,3,50.284431,2.746,1.585404,0.95,4.302653,6.821442,43.462989,57.105873,47.14959,52.264278
AdamW,adamw,AdamW,fc2,25,stable_rank,3,50.198771,2.740803,1.582404,0.95,4.302653,6.808533,43.390238,57.007304,47.068775,52.169168
AdamW,adamw,AdamW,fc2,26,stable_rank,3,50.131998,2.738905,1.581308,0.95,4.302653,6.803817,43.328181,56.935815,47.003345,52.096635
AdamW,adamw,AdamW,fc2,27,stable_rank,3,50.080765,2.732088,1.577372,0.95,4.302653,6.786883,43.293881,56.867648,46.959075,52.036069
AdamW,adamw,AdamW,fc2,28,stable_rank,3,50.046515,2.730137,1.576245,0.95,4.302653,6.782036,43.264479,56.828551,46.926536,51.997586
AdamW,adamw,AdamW,fc2,29,stable_rank,3,50.030549,2.730191,1.576276,0.95,4.302653,6.78217,43.248379,56.812719,46.910272,51.980362
AdamW,adamw,AdamW,fc2,30,stable_rank,3,50.023902,2.72963,1.575953,0.95,4.302653,6.780777,43.243125,56.80468,46.904146,51.97265
AdamW,adamw,AdamW,fc3,0,stable_rank,3,8.030807,0.261265,0.150841,0.95,4.302653,0.649018,7.38179,8.679825,7.729623,8.196409
AdamW,adamw,AdamW,fc3,1,stable_rank,3,8.12671,0.286408,0.165358,0.95,4.302653,0.711478,7.415233,8.838188,7.796006,8.294467
AdamW,adamw,AdamW,fc3,2,stable_rank,3,8.006085,0.138236,0.079811,0.95,4.302653,0.343398,7.662687,8.349483,7.888026,8.158151
AdamW,adamw,AdamW,fc3,3,stable_rank,3,7.753254,0.175665,0.10142,0.95,4.302653,0.436375,7.316879,8.189629,7.555209,7.890246
AdamW,adamw,AdamW,fc3,4,stable_rank,3,7.602412,0.23886,0.137906,0.95,4.302653,0.593361,7.009051,8.195773,7.342687,7.812656
AdamW,adamw,AdamW,fc3,5,stable_rank,3,7.492004,0.27321,0.157738,0.95,4.302653,0.678691,6.813314,8.170695,7.210275,7.755812
AdamW,adamw,AdamW,fc3,6,stable_rank,3,7.415496,0.310094,0.179033,0.95,4.302653,0.770316,6.645179,8.185812,7.089087,7.706181
AdamW,adamw,AdamW,fc3,7,stable_rank,3,7.386376,0.246371,0.142242,0.95,4.302653,0.612019,6.774356,7.998395,7.135644,7.628141
AdamW,adamw,AdamW,fc3,8,stable_rank,3,7.390938,0.297564,0.171799,0.95,4.302653,0.73919,6.651748,8.130128,7.080338,7.673478
AdamW,adamw,AdamW,fc3,9,stable_rank,3,7.363386,0.286829,0.165601,0.95,4.302653,0.712522,6.650864,8.075907,7.054962,7.622129
AdamW,adamw,AdamW,fc3,10,stable_rank,3,7.367846,0.269561,0.155631,0.95,4.302653,0.669626,6.69822,8.037472,7.086371,7.623657
AdamW,adamw,AdamW,fc3,11,stable_rank,3,7.304028,0.236959,0.136808,0.95,4.302653,0.588639,6.715389,7.892667,7.06652,7.540435
AdamW,adamw,AdamW,fc3,12,stable_rank,3,7.278197,0.262316,0.151448,0.95,4.302653,0.651628,6.626568,7.929825,7.011162,7.535523
AdamW,adamw,AdamW,fc3,13,stable_rank,3,7.264459,0.259348,0.149734,0.95,4.302653,0.644255,6.620203,7.908714,6.997093,7.514966
AdamW,adamw,AdamW,fc3,14,stable_rank,3,7.293407,0.304991,0.176086,0.95,4.302653,0.757639,6.535768,8.051046,7.000267,7.609006
AdamW,adamw,AdamW,fc3,15,stable_rank,3,7.29685,0.310135,0.179056,0.95,4.302653,0.770417,6.526433,8.067267,6.997543,7.616782
AdamW,adamw,AdamW,fc3,16,stable_rank,3,7.285486,0.284169,0.164065,0.95,4.302653,0.705915,6.57957,7.991401,7.002733,7.57105
AdamW,adamw,AdamW,fc3,17,stable_rank,3,7.286876,0.278133,0.16058,0.95,4.302653,0.690921,6.595955,7.977797,7.007445,7.563693
AdamW,adamw,AdamW,fc3,18,stable_rank,3,7.28815,0.273316,0.157799,0.95,4.302653,0.678956,6.609195,7.967106,7.012403,7.55897
AdamW,adamw,AdamW,fc3,19,stable_rank,3,7.291611,0.273448,0.157875,0.95,4.302653,0.679283,6.612329,7.970894,7.015962,7.562804
AdamW,adamw,AdamW,fc3,20,stable_rank,3,7.294494,0.272138,0.157119,0.95,4.302653,0.676028,6.618466,7.970522,7.02016,7.564382
AdamW,adamw,AdamW,fc3,21,stable_rank,3,7.296766,0.271073,0.156504,0.95,4.302653,0.673382,6.623384,7.970148,7.023389,7.565474
AdamW,adamw,AdamW,fc3,22,stable_rank,3,7.298799,0.269803,0.155771,0.95,4.302653,0.670229,6.628571,7.969028,7.026783,7.566334
AdamW,adamw,AdamW,fc3,23,stable_rank,3,7.3004,0.268761,0.155169,0.95,4.302653,0.667639,6.632761,7.96804,7.029523,7.566994
AdamW,adamw,AdamW,fc3,24,stable_rank,3,7.302012,0.267994,0.154726,0.95,4.302653,0.665733,6.636279,7.967745,7.031795,7.567725
AdamW,adamw,AdamW,fc3,25,stable_rank,3,7.303335,0.267019,0.154164,0.95,4.302653,0.663312,6.640022,7.966647,7.034055,7.568035
AdamW,adamw,AdamW,fc3,26,stable_rank,3,7.304206,0.266335,0.153769,0.95,4.302653,0.661614,6.642593,7.96582,7.035574,7.568184
AdamW,adamw,AdamW,fc3,27,stable_rank,3,7.304814,0.265891,0.153513,0.95,4.302653,0.660511,6.644303,7.965325,7.036534,7.568251
AdamW,adamw,AdamW,fc3,28,stable_rank,3,7.305236,0.265607,0.153348,0.95,4.302653,0.659804,6.645431,7.96504,7.037248,7.568396
AdamW,adamw,AdamW,fc3,29,stable_rank,3,7.30544,0.265429,0.153245,0.95,4.302653,0.659361,6.646078,7.964801,7.037628,7.56842
AdamW,adamw,AdamW,fc3,30,stable_rank,3,7.305507,0.265363,0.153207,0.95,4.302653,0.659198,6.646309,7.964705,7.037748,7.568407
AdamW,adamw,AdamW,fc1,0,trace_log_midpoint_per_eval,3,0.51414,0.036403,0.021017,0.95,4.302653,0.09043,0.42371,0.60457,0.480724,0.552933
AdamW,adamw,AdamW,fc1,1,trace_log_midpoint_per_eval,3,0.529939,0.026679,0.015403,0.95,4.302653,0.066274,0.463665,0.596213,0.499133,0.545384
AdamW,adamw,AdamW,fc1,2,trace_log_midpoint_per_eval,3,0.539037,0.009862,0.005694,0.95,4.302653,0.024498,0.514539,0.563535,0.532491,0.55038
AdamW,adamw,AdamW,fc1,3,trace_log_midpoint_per_eval,3,0.530137,0.005205,0.003005,0.95,4.302653,0.012931,0.517206,0.543067,0.524332,0.53439
AdamW,adamw,AdamW,fc1,4,trace_log_midpoint_per_eval,3,0.51641,0.004259,0.002459,0.95,4.302653,0.010579,0.505831,0.526989,0.512262,0.520771
AdamW,adamw,AdamW,fc1,5,trace_log_midpoint_per_eval,3,0.505205,0.0065,0.003753,0.95,4.302653,0.016146,0.489059,0.521351,0.49801,0.510651
AdamW,adamw,AdamW,fc1,6,trace_log_midpoint_per_eval,3,0.493799,0.006387,0.003688,0.95,4.302653,0.015867,0.477932,0.509667,0.486491,0.498315
AdamW,adamw,AdamW,fc1,7,trace_log_midpoint_per_eval,3,0.490218,0.010522,0.006075,0.95,4.302653,0.026137,0.464081,0.516356,0.478081,0.496748
AdamW,adamw,AdamW,fc1,8,trace_log_midpoint_per_eval,3,0.484682,0.004915,0.002838,0.95,4.302653,0.012211,0.472472,0.496893,0.479013,0.487749
AdamW,adamw,AdamW,fc1,9,trace_log_midpoint_per_eval,3,0.476875,0.003208,0.001852,0.95,4.302653,0.007968,0.468907,0.484843,0.473211,0.479178
AdamW,adamw,AdamW,fc1,10,trace_log_midpoint_per_eval,3,0.469847,0.007521,0.004342,0.95,4.302653,0.018683,0.451164,0.48853,0.461478,0.47604
AdamW,adamw,AdamW,fc1,11,trace_log_midpoint_per_eval,3,0.46743,0.01337,0.007719,0.95,4.302653,0.033214,0.434216,0.500644,0.458805,0.482832
AdamW,adamw,AdamW,fc1,12,trace_log_midpoint_per_eval,3,0.462274,0.0149,0.008602,0.95,4.302653,0.037013,0.42526,0.499287,0.451158,0.479204
AdamW,adamw,AdamW,fc1,13,trace_log_midpoint_per_eval,3,0.459773,0.01671,0.009648,0.95,4.302653,0.04151,0.418263,0.501283,0.446168,0.478425
AdamW,adamw,AdamW,fc1,14,trace_log_midpoint_per_eval,3,0.452616,0.004106,0.002371,0.95,4.302653,0.0102,0.442416,0.462816,0.448382,0.456581
AdamW,adamw,AdamW,fc1,15,trace_log_midpoint_per_eval,3,0.450658,0.004546,0.002624,0.95,4.302653,0.011292,0.439366,0.46195,0.4459,0.454956
AdamW,adamw,AdamW,fc1,16,trace_log_midpoint_per_eval,3,0.449149,0.003118,0.0018,0.95,4.302653,0.007745,0.441404,0.456894,0.445549,0.450949
AdamW,adamw,AdamW,fc1,17,trace_log_midpoint_per_eval,3,0.447,0.00332,0.001917,0.95,4.302653,0.008248,0.438752,0.455248,0.444784,0.450818
AdamW,adamw,AdamW,fc1,18,trace_log_midpoint_per_eval,3,0.446904,0.0033,0.001905,0.95,4.302653,0.008196,0.438707,0.4551,0.444734,0.450701
AdamW,adamw,AdamW,fc1,19,trace_log_midpoint_per_eval,3,0.448796,0.00315,0.001818,0.95,4.302653,0.007824,0.440972,0.45662,0.445159,0.450653
AdamW,adamw,AdamW,fc1,20,trace_log_midpoint_per_eval,3,0.447709,0.002768,0.001598,0.95,4.302653,0.006876,0.440833,0.454585,0.445044,0.450569
AdamW,adamw,AdamW,fc1,21,trace_log_midpoint_per_eval,3,0.447609,0.002781,0.001606,0.95,4.302653,0.006908,0.4407,0.454517,0.444936,0.450486
AdamW,adamw,AdamW,fc1,22,trace_log_midpoint_per_eval,3,0.447521,0.002791,0.001612,0.95,4.302653,0.006934,0.440586,0.454455,0.444847,0.450416
AdamW,adamw,AdamW,fc1,23,trace_log_midpoint_per_eval,3,0.447438,0.002802,0.001618,0.95,4.302653,0.00696,0.440479,0.454398,0.44476,0.450349
AdamW,adamw,AdamW,fc1,24,trace_log_midpoint_per_eval,3,0.447365,0.002809,0.001622,0.95,4.302653,0.006978,0.440387,0.454343,0.444682,0.450285
AdamW,adamw,AdamW,fc1,25,trace_log_midpoint_per_eval,3,0.447302,0.002817,0.001626,0.95,4.302653,0.006998,0.440304,0.4543,0.444617,0.450235
AdamW,adamw,AdamW,fc1,26,trace_log_midpoint_per_eval,3,0.446247,0.001458,0.000842,0.95,4.302653,0.003621,0.442626,0.449869,0.444567,0.447179
AdamW,adamw,AdamW,fc1,27,trace_log_midpoint_per_eval,3,0.447215,0.002826,0.001632,0.95,4.302653,0.00702,0.440195,0.454235,0.444528,0.450162
AdamW,adamw,AdamW,fc1,28,trace_log_midpoint_per_eval,3,0.446187,0.001462,0.000844,0.95,4.302653,0.003632,0.442555,0.449819,0.444503,0.447129
AdamW,adamw,AdamW,fc1,29,trace_log_midpoint_per_eval,3,0.446175,0.001462,0.000844,0.95,4.302653,0.003632,0.442543,0.449807,0.444491,0.447119
AdamW,adamw,AdamW,fc1,30,trace_log_midpoint_per_eval,3,0.44617,0.001462,0.000844,0.95,4.302653,0.003632,0.442538,0.449803,0.444486,0.447115
AdamW,adamw,AdamW,fc2,0,trace_log_midpoint_per_eval,3,0.643345,0.028645,0.016538,0.95,4.302653,0.071159,0.572186,0.714504,0.610876,0.665046
AdamW,adamw,AdamW,fc2,1,trace_log_midpoint_per_eval,3,0.639938,0.020178,0.01165,0.95,4.302653,0.050125,0.589813,0.690064,0.62465,0.662809
AdamW,adamw,AdamW,fc2,2,trace_log_midpoint_per_eval,3,0.651844,0.010843,0.00626,0.95,4.302653,0.026935,0.624909,0.678779,0.644908,0.664339
AdamW,adamw,AdamW,fc2,3,trace_log_midpoint_per_eval,3,0.651406,0.007046,0.004068,0.95,4.302653,0.017504,0.633902,0.668911,0.644514,0.658598
AdamW,adamw,AdamW,fc2,4,trace_log_midpoint_per_eval,3,0.645227,0.007758,0.004479,0.95,4.302653,0.019272,0.625956,0.664499,0.640692,0.654185
AdamW,adamw,AdamW,fc2,5,trace_log_midpoint_per_eval,3,0.628456,0.005265,0.00304,0.95,4.302653,0.01308,0.615377,0.641536,0.622725,0.633078
AdamW,adamw,AdamW,fc2,6,trace_log_midpoint_per_eval,3,0.604244,0.003486,0.002013,0.95,4.302653,0.008659,0.595585,0.612903,0.600687,0.607654
AdamW,adamw,AdamW,fc2,7,trace_log_midpoint_per_eval,3,0.595231,0.003958,0.002285,0.95,4.302653,0.009831,0.585399,0.605062,0.592571,0.599779
AdamW,adamw,AdamW,fc2,8,trace_log_midpoint_per_eval,3,0.590209,0.005041,0.002911,0.95,4.302653,0.012523,0.577686,0.602732,0.58545,0.595492
AdamW,adamw,AdamW,fc2,9,trace_log_midpoint_per_eval,3,0.585782,0.001669,0.000964,0.95,4.302653,0.004147,0.581635,0.589929,0.584521,0.587675
AdamW,adamw,AdamW,fc2,10,trace_log_midpoint_per_eval,3,0.580229,0.003548,0.002048,0.95,4.302653,0.008813,0.571416,0.589042,0.576504,0.583568
AdamW,adamw,AdamW,fc2,11,trace_log_midpoint_per_eval,3,0.574262,0.013546,0.007821,0.95,4.302653,0.03365,0.540613,0.607912,0.558726,0.583596
AdamW,adamw,AdamW,fc2,12,trace_log_midpoint_per_eval,3,0.568312,0.010432,0.006023,0.95,4.302653,0.025915,0.542398,0.594227,0.557039,0.577624
AdamW,adamw,AdamW,fc2,13,trace_log_midpoint_per_eval,3,0.567287,0.006641,0.003834,0.95,4.302653,0.016497,0.550791,0.583784,0.562766,0.574912
AdamW,adamw,AdamW,fc2,14,trace_log_midpoint_per_eval,3,0.560253,0.01545,0.00892,0.95,4.302653,0.03838,0.521873,0.598634,0.546553,0.577
AdamW,adamw,AdamW,fc2,15,trace_log_midpoint_per_eval,3,0.555964,0.020034,0.011567,0.95,4.302653,0.049768,0.506196,0.605733,0.536297,0.576347
AdamW,adamw,AdamW,fc2,16,trace_log_midpoint_per_eval,3,0.556239,0.018855,0.010886,0.95,4.302653,0.046839,0.5094,0.603078,0.53833,0.575916
AdamW,adamw,AdamW,fc2,17,trace_log_midpoint_per_eval,3,0.556965,0.019045,0.010996,0.95,4.302653,0.047311,0.509655,0.604276,0.537504,0.575565
AdamW,adamw,AdamW,fc2,18,trace_log_midpoint_per_eval,3,0.556626,0.019065,0.011007,0.95,4.302653,0.04736,0.509266,0.603986,0.537139,0.575239
AdamW,adamw,AdamW,fc2,19,trace_log_midpoint_per_eval,3,0.557557,0.017191,0.009925,0.95,4.302653,0.042705,0.514852,0.600263,0.540544,0.574921
AdamW,adamw,AdamW,fc2,20,trace_log_midpoint_per_eval,3,0.554803,0.013615,0.007861,0.95,4.302653,0.033821,0.520982,0.588624,0.540253,0.567235
AdamW,adamw,AdamW,fc2,21,trace_log_midpoint_per_eval,3,0.554521,0.013603,0.007854,0.95,4.302653,0.033792,0.520729,0.588313,0.539979,0.566935
AdamW,adamw,AdamW,fc2,22,trace_log_midpoint_per_eval,3,0.554258,0.01359,0.007846,0.95,4.302653,0.033758,0.520499,0.588016,0.539728,0.566654
AdamW,adamw,AdamW,fc2,23,trace_log_midpoint_per_eval,3,0.554017,0.013572,0.007836,0.95,4.302653,0.033715,0.520302,0.587732,0.539502,0.566391
AdamW,adamw,AdamW,fc2,24,trace_log_midpoint_per_eval,3,0.553803,0.013559,0.007828,0.95,4.302653,0.033682,0.520121,0.587485,0.5393,0.566162
AdamW,adamw,AdamW,fc2,25,trace_log_midpoint_per_eval,3,0.55362,0.013544,0.007819,0.95,4.302653,0.033644,0.519976,0.587265,0.539131,0.565961
AdamW,adamw,AdamW,fc2,26,trace_log_midpoint_per_eval,3,0.553473,0.013534,0.007814,0.95,4.302653,0.03362,0.519853,0.587093,0.538992,0.565802
AdamW,adamw,AdamW,fc2,27,trace_log_midpoint_per_eval,3,0.553363,0.013525,0.007809,0.95,4.302653,0.033598,0.519765,0.586961,0.538891,0.565682
AdamW,adamw,AdamW,fc2,28,trace_log_midpoint_per_eval,3,0.553293,0.013519,0.007805,0.95,4.302653,0.033584,0.519709,0.586877,0.538825,0.565605
AdamW,adamw,AdamW,fc2,29,trace_log_midpoint_per_eval,3,0.553256,0.013517,0.007804,0.95,4.302653,0.033578,0.519679,0.586834,0.538791,0.565566
AdamW,adamw,AdamW,fc2,30,trace_log_midpoint_per_eval,3,0.553242,0.013516,0.007803,0.95,4.302653,0.033575,0.519667,0.586817,0.538778,0.56555
AdamW,adamw,AdamW,fc3,0,trace_log_midpoint_per_eval,3,0.015517,0.002357,0.001361,0.95,4.302653,0.005856,0.009662,0.021373,0.01403,0.018235
AdamW,adamw,AdamW,fc3,1,trace_log_midpoint_per_eval,3,0.016213,0.002039,0.001177,0.95,4.302653,0.005066,0.011147,0.021279,0.014787,0.018549
AdamW,adamw,AdamW,fc3,2,trace_log_midpoint_per_eval,3,0.017325,0.00125,0.000722,0.95,4.302653,0.003106,0.014219,0.020432,0.01648,0.018762
AdamW,adamw,AdamW,fc3,3,trace_log_midpoint_per_eval,3,0.018233,0.001548,0.000894,0.95,4.302653,0.003845,0.014388,0.022077,0.017231,0.020015
AdamW,adamw,AdamW,fc3,4,trace_log_midpoint_per_eval,3,0.018043,0.002587,0.001493,0.95,4.302653,0.006425,0.011618,0.024469,0.016112,0.020982
AdamW,adamw,AdamW,fc3,5,trace_log_midpoint_per_eval,3,0.018752,0.004212,0.002432,0.95,4.302653,0.010463,0.00829,0.029215,0.016309,0.023616
AdamW,adamw,AdamW,fc3,6,trace_log_midpoint_per_eval,3,0.019448,0.004071,0.002351,0.95,4.302653,0.010114,0.009334,0.029562,0.016328,0.024054
AdamW,adamw,AdamW,fc3,7,trace_log_midpoint_per_eval,3,0.021136,0.004879,0.002817,0.95,4.302653,0.012119,0.009017,0.033256,0.016641,0.026324
AdamW,adamw,AdamW,fc3,8,trace_log_midpoint_per_eval,3,0.022875,0.00458,0.002644,0.95,4.302653,0.011378,0.011497,0.034254,0.018672,0.027757
AdamW,adamw,AdamW,fc3,9,trace_log_midpoint_per_eval,3,0.024033,0.00417,0.002408,0.95,4.302653,0.010359,0.013674,0.034392,0.020101,0.028406
AdamW,adamw,AdamW,fc3,10,trace_log_midpoint_per_eval,3,0.02554,0.004249,0.002453,0.95,4.302653,0.010555,0.014984,0.036095,0.021413,0.029902
AdamW,adamw,AdamW,fc3,11,trace_log_midpoint_per_eval,3,0.026219,0.004627,0.002672,0.95,4.302653,0.011495,0.014724,0.037715,0.021665,0.030916
AdamW,adamw,AdamW,fc3,12,trace_log_midpoint_per_eval,3,0.02713,0.004598,0.002655,0.95,4.302653,0.011422,0.015707,0.038552,0.022537,0.031733
AdamW,adamw,AdamW,fc3,13,trace_log_midpoint_per_eval,3,0.027584,0.004595,0.002653,0.95,4.302653,0.011416,0.016168,0.039,0.023102,0.032285
AdamW,adamw,AdamW,fc3,14,trace_log_midpoint_per_eval,3,0.02798,0.004447,0.002568,0.95,4.302653,0.011047,0.016933,0.039028,0.023518,0.032412
AdamW,adamw,AdamW,fc3,15,trace_log_midpoint_per_eval,3,0.028928,0.00429,0.002477,0.95,4.302653,0.010658,0.018271,0.039586,0.024332,0.032827
AdamW,adamw,AdamW,fc3,16,trace_log_midpoint_per_eval,3,0.029382,0.004143,0.002392,0.95,4.302653,0.010292,0.01909,0.039674,0.024924,0.033113
AdamW,adamw,AdamW,fc3,17,trace_log_midpoint_per_eval,3,0.029709,0.004153,0.002398,0.95,4.302653,0.010316,0.019393,0.040025,0.025198,0.033373
AdamW,adamw,AdamW,fc3,18,trace_log_midpoint_per_eval,3,0.029993,0.004178,0.002412,0.95,4.302653,0.010378,0.019615,0.040371,0.02543,0.033629
AdamW,adamw,AdamW,fc3,19,trace_log_midpoint_per_eval,3,0.030247,0.004198,0.002424,0.95,4.302653,0.010428,0.019819,0.040676,0.025655,0.033887
AdamW,adamw,AdamW,fc3,20,trace_log_midpoint_per_eval,3,0.030478,0.004219,0.002436,0.95,4.302653,0.01048,0.019998,0.040958,0.025862,0.034134
AdamW,adamw,AdamW,fc3,21,trace_log_midpoint_per_eval,3,0.030694,0.004236,0.002445,0.95,4.302653,0.010522,0.020172,0.041216,0.026061,0.034368
AdamW,adamw,AdamW,fc3,22,trace_log_midpoint_per_eval,3,0.030892,0.00425,0.002454,0.95,4.302653,0.010557,0.020334,0.041449,0.026245,0.034581
AdamW,adamw,AdamW,fc3,23,trace_log_midpoint_per_eval,3,0.031072,0.004259,0.002459,0.95,4.302653,0.010581,0.020492,0.041653,0.026416,0.034771
AdamW,adamw,AdamW,fc3,24,trace_log_midpoint_per_eval,3,0.031226,0.004273,0.002467,0.95,4.302653,0.010615,0.020611,0.041841,0.026554,0.034937
AdamW,adamw,AdamW,fc3,25,trace_log_midpoint_per_eval,3,0.031361,0.004279,0.00247,0.95,4.302653,0.010629,0.020732,0.041991,0.026685,0.035081
AdamW,adamw,AdamW,fc3,26,trace_log_midpoint_per_eval,3,0.031467,0.004284,0.002474,0.95,4.302653,0.010643,0.020824,0.04211,0.026787,0.035195
AdamW,adamw,AdamW,fc3,27,trace_log_midpoint_per_eval,3,0.031544,0.004289,0.002476,0.95,4.302653,0.010653,0.020891,0.042197,0.026859,0.035276
AdamW,adamw,AdamW,fc3,28,trace_log_midpoint_per_eval,3,0.031594,0.004292,0.002478,0.95,4.302653,0.010662,0.020932,0.042255,0.026905,0.035328
AdamW,adamw,AdamW,fc3,29,trace_log_midpoint_per_eval,3,0.031619,0.004292,0.002478,0.95,4.302653,0.010663,0.020955,0.042282,0.02693,0.035354
AdamW,adamw,AdamW,fc3,30,trace_log_midpoint_per_eval,3,0.031628,0.004293,0.002478,0.95,4.302653,0.010664,0.020964,0.042292,0.026939,0.035364
