arm,arm_label,family,variant,run,optimizer,epoch,global_step,primary_lr,auxiliary_lr,train_loss,train_accuracy,train_examples_evaluated,validation_loss,validation_accuracy,validation_examples_evaluated,test_loss,test_accuracy,test_examples_evaluated,validation_loss_gap,test_loss_gap,validation_accuracy_gap,test_accuracy_gap,test_monitoring_only,online_train_loss,online_train_accuracy,mean_gradient_norm_before_clip,median_gradient_norm_before_clip,max_gradient_norm_before_clip,batches,parameter_l2_norm,train_time_sec,evaluation_time_sec,weightwatcher_time_sec,epoch_total_time_sec,device,seed,replicate,optimizer_label,test_perplexity,validation_perplexity,checkpoint
new_adamw,"new AdamW, horizon optimized",adamw,horizon_optimized,AdamW,adamw,30,12900,1e-06,,4.118918e-05,1.0,55000,0.078369,0.9858,5000,0.073215,0.9847,10000,0.078327,0.073174,0.0142,0.0153,1,4.148644e-05,1.0,0.002015467,0.001786184,0.01066747,430,46.695293,4.962602,5.099074,2.999262,13.060938,mps,1337,0,AdamW,1.075962,1.081521,final
new_adamw,"new AdamW, horizon optimized",adamw,horizon_optimized,AdamW,adamw,30,12900,1e-06,,4.296827e-05,1.0,55000,0.084605,0.9848,5000,0.077209,0.9835,10000,0.084562,0.077166,0.0152,0.0165,1,4.324695e-05,1.0,0.002086195,0.001809056,0.008169408,430,47.003891,5.023732,5.32121,3.959844,14.304786,mps,2027,1,AdamW,1.080268,1.088287,final
new_adamw,"new AdamW, horizon optimized",adamw,horizon_optimized,AdamW,adamw,30,12900,1e-06,,4.683341e-05,1.0,55000,0.077309,0.986,5000,0.07255,0.9843,10000,0.077262,0.072503,0.014,0.0157,1,4.712047e-05,1.0,0.002306453,0.002067188,0.01120685,430,46.984495,4.53757,4.570533,2.87935,11.987453,mps,31415,2,AdamW,1.075246,1.080376,final
old_adamw,old AdamW,adamw,old,AdamW,adamw,30,12900,1e-05,,1.468589e-05,1.0,55000,0.08742,0.9858,5000,0.077554,0.9852,10000,0.087406,0.07754,0.0142,0.0148,1,1.497354e-05,1.0,0.000710678,0.0005965125,0.004089085,430,57.086986,4.533634,4.454976,2.531176,11.519786,mps,1337,0,AdamW,1.080641,1.091355,final
old_adamw,old AdamW,adamw,old,AdamW,adamw,30,12900,1e-05,,1.58134e-05,1.0,55000,0.084746,0.9868,5000,0.084766,0.9855,10000,0.08473,0.08475,0.0132,0.0145,1,1.611085e-05,1.0,0.0007548133,0.0006386511,0.003509696,430,57.505001,4.586236,4.53466,2.700541,11.821437,mps,2027,1,AdamW,1.088462,1.08844,final
old_adamw,old AdamW,adamw,old,AdamW,adamw,30,12900,1e-05,,1.408119e-05,1.0,55000,0.093397,0.9866,5000,0.085351,0.9847,10000,0.093383,0.085337,0.0134,0.0153,1,1.436087e-05,1.0,0.0006935033,0.0005724836,0.006499063,430,57.158256,4.536428,4.520927,7.43115,16.488505,mps,31415,2,AdamW,1.0891,1.097897,final
old_sgd,old SGD + Nesterov,sgd_momentum,old,SGD + Nesterov momentum,sgd_momentum,30,12900,0.0005,,0.0006801713,1.0,55000,0.061781,0.9846,5000,0.059031,0.9841,10000,0.061101,0.058351,0.0154,0.0159,1,0.000681372,1.0,0.02169779,0.01987243,0.06311906,430,35.853322,4.329755,4.5494,3.660399,12.539553,mps,1337,0,SGD + Nesterov momentum,1.060808,1.063729,final
old_sgd,old SGD + Nesterov,sgd_momentum,old,SGD + Nesterov momentum,sgd_momentum,30,12900,0.0005,,0.0006902663,1.0,55000,0.060265,0.9852,5000,0.055548,0.9848,10000,0.059575,0.054858,0.0148,0.0152,1,0.0006915217,1.0,0.02195937,0.02086831,0.06582585,430,35.916103,4.326884,4.640553,2.583035,11.550472,mps,2027,1,SGD + Nesterov momentum,1.05712,1.062118,final
old_sgd,old SGD + Nesterov,sgd_momentum,old,SGD + Nesterov momentum,sgd_momentum,30,12900,0.0005,,0.0006679502,1.0,55000,0.056884,0.9862,5000,0.055936,0.9836,10000,0.056216,0.055268,0.0138,0.0164,1,0.0006691356,1.0,0.02131569,0.02023451,0.08055064,430,35.897569,4.595391,5.008348,3.16698,12.770719,mps,31415,2,SGD + Nesterov momentum,1.05753,1.058533,final
new_muon,"new Muon, horizon optimized",sgd_momentum_muon,horizon_optimized,Muon + auxiliary AdamW,sgd_momentum_muon,30,12900,0.0002,3e-06,5.418604e-11,1.0,55000,0.093231,0.988,5000,0.085997,0.9868,10000,0.093231,0.085997,0.012,0.0132,1,1.365488e-10,1.0,6.682774e-08,5.093154e-08,3.340501e-07,430,50.507639,8.338383,5.219736,4.183669,17.741788,mps,1337,0,Muon + auxiliary AdamW,1.089804,1.097715,final
new_muon,"new Muon, horizon optimized",sgd_momentum_muon,horizon_optimized,Muon + auxiliary AdamW,sgd_momentum_muon,30,12900,0.0002,3e-06,5.20186e-11,1.0,55000,0.098014,0.9878,5000,0.096594,0.9857,10000,0.098014,0.096594,0.0122,0.0143,1,1.733953e-10,1.0,7.602443e-08,5.45574e-08,7.108663e-07,430,51.183601,8.316652,5.349067,3.831873,17.497592,mps,2027,1,Muon + auxiliary AdamW,1.101413,1.102978,final
new_muon,"new Muon, horizon optimized",sgd_momentum_muon,horizon_optimized,Muon + auxiliary AdamW,sgd_momentum_muon,30,12900,0.0002,3e-06,5.418604e-11,1.0,55000,0.099651,0.989,5000,0.091042,0.9869,10000,0.099651,0.091042,0.011,0.0131,1,1.842325e-10,1.0,7.945579e-08,5.822679e-08,4.294149e-07,430,51.111156,7.78022,4.527807,3.044463,15.352489,mps,31415,2,Muon + auxiliary AdamW,1.095315,1.104786,final
old_muon,old Muon + aux AdamW,sgd_momentum_muon,old,Muon + auxiliary AdamW,sgd_momentum_muon,30,12900,0.002,3e-05,3.467906e-11,1.0,55000,0.136876,0.9868,5000,0.125038,0.9871,10000,0.136876,0.125038,0.0132,0.0129,1,1.907348e-10,1.0,5.07427e-08,1.189849e-08,1.057933e-06,430,85.310296,7.00908,4.612109,2.612202,14.23339,mps,1337,0,Muon + auxiliary AdamW,1.133191,1.146686,final
old_muon,old Muon + aux AdamW,sgd_momentum_muon,old,Muon + auxiliary AdamW,sgd_momentum_muon,30,12900,0.002,3e-05,8.019533e-11,1.0,55000,0.121383,0.9892,5000,0.125831,0.9858,10000,0.121383,0.125831,0.0108,0.0142,1,2.969394e-10,1.0,7.003446e-08,1.311741e-08,2.903947e-06,430,84.935265,7.184085,5.215259,3.317289,15.716633,mps,2027,1,Muon + auxiliary AdamW,1.13409,1.129058,final
old_muon,old Muon + aux AdamW,sgd_momentum_muon,old,Muon + auxiliary AdamW,sgd_momentum_muon,30,12900,0.002,3e-05,6.068835e-11,1.0,55000,0.131954,0.9902,5000,0.11927,0.9861,10000,0.131954,0.11927,0.0098,0.0139,1,2.167441e-10,1.0,5.603925e-08,1.269139e-08,1.498823e-06,430,85.07079,8.192268,5.311766,3.46409,16.968123,mps,31415,2,Muon + auxiliary AdamW,1.126674,1.141056,final
new_adamw,"new AdamW, horizon optimized",adamw,horizon_optimized,AdamW,adamw,15,6450,0.000278,,0.0002817624,0.999945,55000,0.072383,0.9852,5000,0.067006,0.9832,10000,0.072101,0.066724,0.014745,0.016745,1,0.0003956618,0.999964,0.02315415,0.01139436,0.6138843,430,47.461514,5.164334,4.750679,2.862228,12.777242,mps,1337,0,AdamW,1.069302,1.075067,validation_selected
new_adamw,"new AdamW, horizon optimized",adamw,horizon_optimized,AdamW,adamw,6,2580,0.000475,,0.01247402,0.997036,55000,0.072139,0.9812,5000,0.074919,0.9774,10000,0.059665,0.062445,0.015836,0.019636,1,0.0213789,0.993145,0.4970256,0.4781789,1.537834,430,47.184825,5.029898,5.258181,4.257535,14.545614,mps,2027,1,AdamW,1.077796,1.074804,validation_selected
new_adamw,"new AdamW, horizon optimized",adamw,horizon_optimized,AdamW,adamw,7,3010,0.000462,,0.009751491,0.997145,55000,0.070008,0.982,5000,0.078654,0.9781,10000,0.060256,0.068903,0.015145,0.019045,1,0.01477559,0.995364,0.4091475,0.3648644,1.29295,430,47.148535,5.748398,5.288801,4.709289,15.746488,mps,31415,2,AdamW,1.08183,1.072517,validation_selected
old_adamw,old AdamW,adamw,old,AdamW,adamw,7,3010,0.000899,,0.01355872,0.995255,55000,0.077829,0.9822,5000,0.072678,0.9808,10000,0.06427,0.059119,0.013055,0.014455,1,0.01859848,0.993891,0.3865684,0.3435662,1.228074,430,53.670736,4.72301,4.639184,2.870816,12.23301,mps,1337,0,AdamW,1.075384,1.080937,validation_selected
old_adamw,old AdamW,adamw,old,AdamW,adamw,3,1290,0.000988,,0.03302417,0.989836,55000,0.078772,0.9782,5000,0.078702,0.9762,10000,0.045748,0.045677,0.011636,0.013636,1,0.06516956,0.979164,0.7130573,0.6862846,1.643039,430,49.555024,4.611809,4.698874,3.27211,12.582793,mps,2027,1,AdamW,1.081881,1.081958,validation_selected
old_adamw,old AdamW,adamw,old,AdamW,adamw,10,4300,0.000783,,0.007291795,0.997691,55000,0.072267,0.984,5000,0.088287,0.9804,10000,0.064976,0.080996,0.013691,0.017291,1,0.01319108,0.995473,0.3273291,0.288844,1.090993,430,55.890117,4.611131,4.554841,2.751707,11.917679,mps,31415,2,AdamW,1.092302,1.074943,validation_selected
old_sgd,old SGD + Nesterov,sgd_momentum,old,SGD + Nesterov momentum,sgd_momentum,25,10750,0.004294,,0.0006711067,1.0,55000,0.061764,0.9844,5000,0.059087,0.9841,10000,0.061092,0.058416,0.0156,0.0159,1,0.0006809116,1.0,0.02188419,0.02034817,0.06320869,430,35.979124,4.366023,4.532737,2.74038,11.63914,mps,1337,0,SGD + Nesterov momentum,1.060867,1.063711,validation_selected
old_sgd,old SGD + Nesterov,sgd_momentum,old,SGD + Nesterov momentum,sgd_momentum,30,12900,0.0005,,0.0006902663,1.0,55000,0.060265,0.9852,5000,0.055548,0.9848,10000,0.059575,0.054858,0.0148,0.0152,1,0.0006915217,1.0,0.02195937,0.02086831,0.06582585,430,35.916103,4.326884,4.640553,2.583035,11.550472,mps,2027,1,SGD + Nesterov momentum,1.05712,1.062118,validation_selected
old_sgd,old SGD + Nesterov,sgd_momentum,old,SGD + Nesterov momentum,sgd_momentum,30,12900,0.0005,,0.0006679502,1.0,55000,0.056884,0.9862,5000,0.055936,0.9836,10000,0.056216,0.055268,0.0138,0.0164,1,0.0006691356,1.0,0.02131569,0.02023451,0.08055064,430,35.897569,4.595391,5.008348,3.16698,12.770719,mps,31415,2,SGD + Nesterov momentum,1.05753,1.058533,validation_selected
new_muon,"new Muon, horizon optimized",sgd_momentum_muon,horizon_optimized,Muon + auxiliary AdamW,sgd_momentum_muon,2,860,0.01,0.0003,0.02732152,0.992691,55000,0.073282,0.978,5000,0.08676,0.9735,10000,0.04596,0.059439,0.014691,0.019191,1,0.07403788,0.978527,0.9495709,0.9509944,1.867391,430,48.947227,6.749708,4.469534,2.60256,13.821802,mps,1337,0,Muon + auxiliary AdamW,1.090635,1.076034,validation_selected
new_muon,"new Muon, horizon optimized",sgd_momentum_muon,horizon_optimized,Muon + auxiliary AdamW,sgd_momentum_muon,2,860,0.01,0.0003,0.02707871,0.992564,55000,0.076671,0.9762,5000,0.080279,0.9759,10000,0.049592,0.0532,0.016364,0.016664,1,0.07316758,0.978709,0.8813932,0.8856067,1.980841,430,49.113814,7.992644,5.082618,3.202265,16.277527,mps,2027,1,Muon + auxiliary AdamW,1.083589,1.079687,validation_selected
new_muon,"new Muon, horizon optimized",sgd_momentum_muon,horizon_optimized,Muon + auxiliary AdamW,sgd_momentum_muon,3,1290,0.009969,0.000299,0.0151183,0.995255,55000,0.073262,0.9786,5000,0.068708,0.9787,10000,0.058144,0.05359,0.016655,0.016555,1,0.0376928,0.987982,0.7532754,0.7448717,2.074924,430,54.531643,7.867911,4.652021,3.114739,15.634672,mps,31415,2,Muon + auxiliary AdamW,1.071124,1.076012,validation_selected
old_muon,old Muon + aux AdamW,sgd_momentum_muon,old,Muon + auxiliary AdamW,sgd_momentum_muon,1,430,0.01,0.00015,0.0578841,0.984127,55000,0.090952,0.9728,5000,0.088296,0.9734,10000,0.033068,0.030412,0.011327,0.010727,1,0.6870676,0.789055,2.543702,1.499867,9.767623,430,47.771746,7.699114,5.165877,3.874349,16.739341,mps,1337,0,Muon + auxiliary AdamW,1.092312,1.095217,validation_selected
old_muon,old Muon + aux AdamW,sgd_momentum_muon,old,Muon + auxiliary AdamW,sgd_momentum_muon,1,430,0.01,0.00015,0.05677384,0.984309,55000,0.090363,0.9748,5000,0.093771,0.9714,10000,0.033589,0.036997,0.009509,0.012909,1,0.8103225,0.765018,2.858944,1.398669,11.88813,430,47.82124,6.974123,4.673056,2.67519,14.322369,mps,2027,1,Muon + auxiliary AdamW,1.098309,1.094571,validation_selected
old_muon,old Muon + aux AdamW,sgd_momentum_muon,old,Muon + auxiliary AdamW,sgd_momentum_muon,1,430,0.01,0.00015,0.06292473,0.981909,55000,0.09112,0.9728,5000,0.093823,0.9704,10000,0.028195,0.030898,0.009109,0.011509,1,0.7943182,0.7678,2.654688,1.42549,10.11758,430,47.79394,8.10794,5.228954,3.479968,16.816862,mps,31415,2,Muon + auxiliary AdamW,1.098365,1.0954,validation_selected
